estado,num_muestra,corte,candidato,LI,LS
MEX,1,50,CAND_0,10.88,11.97
MEX,1,50,CAND_1,32.02,33.93
MEX,1,50,CAND_2,17.68,18.99
MEX,1,50,CAND_3,0.97,1.14
MEX,1,50,CAND_4,30.28,31.9
MEX,1,50,CAND_5,2.06,2.31
MEX,1,50,OTROS,2.78,3.08
MEX,1,50,PART,52.72,54.22
MEX,2,50,CAND_0,10.41,11.5
MEX,2,50,CAND_1,33.27,34.94
MEX,2,50,CAND_2,16.83,17.94
MEX,2,50,CAND_3,0.99,1.22
MEX,2,50,CAND_4,30.6,32.03
MEX,2,50,CAND_5,2.04,2.28
MEX,2,50,OTROS,2.83,3.12
MEX,2,50,PART,52.74,54.12
MEX,3,50,CAND_0,10.9,12.01
MEX,3,50,CAND_1,31.6,33.52
MEX,3,50,CAND_2,17.42,19.28
MEX,3,50,CAND_3,1,1.2
MEX,3,50,CAND_4,30.7,32.39
MEX,3,50,CAND_5,2.07,2.31
MEX,3,50,OTROS,2.68,2.94
MEX,3,50,PART,52.78,54.24
MEX,4,50,CAND_0,11.29,12.65
MEX,4,50,CAND_1,33.55,35.36
MEX,4,50,CAND_2,16.47,17.69
MEX,4,50,CAND_3,1.01,1.2
MEX,4,50,CAND_4,29.4,31.06
MEX,4,50,CAND_5,2.1,2.32
MEX,4,50,OTROS,2.78,3.1
MEX,4,50,PART,52.6,53.94
MEX,5,50,CAND_0,10.84,12.07
MEX,5,50,CAND_1,32.41,34.6
MEX,5,50,CAND_2,17.2,18.59
MEX,5,50,CAND_3,1.02,1.21
MEX,5,50,CAND_4,29.99,32.06
MEX,5,50,CAND_5,1.97,2.17
MEX,5,50,OTROS,2.8,3.07
MEX,5,50,PART,52.59,54.05
MEX,6,50,CAND_0,10.58,11.84
MEX,6,50,CAND_1,33.11,34.84
MEX,6,50,CAND_2,17.38,18.75
MEX,6,50,CAND_3,0.97,1.2
MEX,6,50,CAND_4,29.63,31.45
MEX,6,50,CAND_5,2.02,2.25
MEX,6,50,OTROS,2.84,3.13
MEX,6,50,PART,52.37,53.86
MEX,7,50,CAND_0,10.73,11.94
MEX,7,50,CAND_1,32.27,34.16
MEX,7,50,CAND_2,16.89,18.21
MEX,7,50,CAND_3,1.02,1.25
MEX,7,50,CAND_4,30.96,32.54
MEX,7,50,CAND_5,2.01,2.26
MEX,7,50,OTROS,2.75,3.02
MEX,7,50,PART,51.93,53.27
MEX,8,50,CAND_0,10.89,12.06
MEX,8,50,CAND_1,33.35,35.27
MEX,8,50,CAND_2,16.83,18.36
MEX,8,50,CAND_3,1.04,1.26
MEX,8,50,CAND_4,29.47,30.97
MEX,8,50,CAND_5,2.1,2.35
MEX,8,50,OTROS,2.87,3.17
MEX,8,50,PART,52.81,54.16
MEX,9,50,CAND_0,10.94,12.09
MEX,9,50,CAND_1,33.23,35.17
MEX,9,50,CAND_2,16.61,18.11
MEX,9,50,CAND_3,0.92,1.16
MEX,9,50,CAND_4,29.93,31.52
MEX,9,50,CAND_5,1.94,2.15
MEX,9,50,OTROS,2.96,3.26
MEX,9,50,PART,53.07,54.43
MEX,10,50,CAND_0,11.14,12.41
MEX,10,50,CAND_1,31.77,33.4
MEX,10,50,CAND_2,17.92,19.32
MEX,10,50,CAND_3,0.93,1.1
MEX,10,50,CAND_4,30.08,31.6
MEX,10,50,CAND_5,2.03,2.28
MEX,10,50,OTROS,2.86,3.16
MEX,10,50,PART,53.19,54.69
MEX,11,50,CAND_0,10.79,12
MEX,11,50,CAND_1,32.42,34.66
MEX,11,50,CAND_2,16.9,18.28
MEX,11,50,CAND_3,0.99,1.19
MEX,11,50,CAND_4,30.5,32.36
MEX,11,50,CAND_5,1.96,2.2
MEX,11,50,OTROS,2.73,3.01
MEX,11,50,PART,52.78,54.22
MEX,12,50,CAND_0,10.52,11.77
MEX,12,50,CAND_1,34.2,36.14
MEX,12,50,CAND_2,17.35,18.71
MEX,12,50,CAND_3,1.01,1.21
MEX,12,50,CAND_4,28.53,30.29
MEX,12,50,CAND_5,2.04,2.3
MEX,12,50,OTROS,2.8,3.12
MEX,12,50,PART,52.27,53.77
MEX,13,50,CAND_0,10.84,12.1
MEX,13,50,CAND_1,32.14,34.18
MEX,13,50,CAND_2,17.02,18.31
MEX,13,50,CAND_3,1.03,1.2
MEX,13,50,CAND_4,30.41,32.29
MEX,13,50,CAND_5,2.08,2.32
MEX,13,50,OTROS,2.9,3.18
MEX,13,50,PART,52.69,54.18
MEX,14,50,CAND_0,10.71,11.84
MEX,14,50,CAND_1,32.56,34.55
MEX,14,50,CAND_2,17.75,19.15
MEX,14,50,CAND_3,0.97,1.26
MEX,14,50,CAND_4,29.64,31.31
MEX,14,50,CAND_5,2.11,2.33
MEX,14,50,OTROS,2.77,3.04
MEX,14,50,PART,53.3,54.61
MEX,15,50,CAND_0,10.59,11.83
MEX,15,50,CAND_1,32.04,33.92
MEX,15,50,CAND_2,17.11,18.9
MEX,15,50,CAND_3,1.07,1.27
MEX,15,50,CAND_4,30.54,32.07
MEX,15,50,CAND_5,2.13,2.39
MEX,15,50,OTROS,2.94,3.19
MEX,15,50,PART,52.71,54.28
MEX,16,50,CAND_0,10.97,12.18
MEX,16,50,CAND_1,31.76,33.78
MEX,16,50,CAND_2,17.19,18.47
MEX,16,50,CAND_3,1.03,1.22
MEX,16,50,CAND_4,30.69,32.43
MEX,16,50,CAND_5,2.08,2.31
MEX,16,50,OTROS,2.79,3.09
MEX,16,50,PART,52.61,53.96
MEX,17,50,CAND_0,10.75,11.79
MEX,17,50,CAND_1,33.38,35.18
MEX,17,50,CAND_2,17.17,18.55
MEX,17,50,CAND_3,0.99,1.19
MEX,17,50,CAND_4,29.72,31.31
MEX,17,50,CAND_5,1.98,2.2
MEX,17,50,OTROS,2.78,3.03
MEX,17,50,PART,52.19,53.64
MEX,18,50,CAND_0,10.38,12.08
MEX,18,50,CAND_1,32.75,34.97
MEX,18,50,CAND_2,17.72,19.23
MEX,18,50,CAND_3,0.98,1.18
MEX,18,50,CAND_4,29.53,31.25
MEX,18,50,CAND_5,2.01,2.22
MEX,18,50,OTROS,2.69,3.01
MEX,18,50,PART,52.69,54.11
MEX,19,50,CAND_0,11.29,12.47
MEX,19,50,CAND_1,33.01,35.01
MEX,19,50,CAND_2,16.76,17.99
MEX,19,50,CAND_3,0.94,1.1
MEX,19,50,CAND_4,29.74,31.32
MEX,19,50,CAND_5,2.04,2.27
MEX,19,50,OTROS,2.87,3.17
MEX,19,50,PART,51.84,53.41
MEX,20,50,CAND_0,10.36,11.36
MEX,20,50,CAND_1,32.68,34.55
MEX,20,50,CAND_2,16.71,17.99
MEX,20,50,CAND_3,1.03,1.22
MEX,20,50,CAND_4,31.06,32.62
MEX,20,50,CAND_5,2.04,2.3
MEX,20,50,OTROS,2.91,3.18
MEX,20,50,PART,51.66,52.99
MEX,21,50,CAND_0,10.55,11.87
MEX,21,50,CAND_1,33.06,34.88
MEX,21,50,CAND_2,17.18,18.69
MEX,21,50,CAND_3,1.01,1.29
MEX,21,50,CAND_4,29.72,31.39
MEX,21,50,CAND_5,2.06,2.28
MEX,21,50,OTROS,2.87,3.17
MEX,21,50,PART,52.91,54.36
MEX,22,50,CAND_0,10.69,11.8
MEX,22,50,CAND_1,32.56,34.25
MEX,22,50,CAND_2,17.37,18.79
MEX,22,50,CAND_3,0.99,1.16
MEX,22,50,CAND_4,30.35,31.84
MEX,22,50,CAND_5,1.99,2.23
MEX,22,50,OTROS,2.84,3.14
MEX,22,50,PART,52.11,53.45
MEX,23,50,CAND_0,11.21,12.36
MEX,23,50,CAND_1,32.58,34.39
MEX,23,50,CAND_2,16.79,18.08
MEX,23,50,CAND_3,1,1.18
MEX,23,50,CAND_4,30.15,31.76
MEX,23,50,CAND_5,2.16,2.38
MEX,23,50,OTROS,2.85,3.11
MEX,23,50,PART,53.2,54.68
MEX,24,50,CAND_0,10.73,11.84
MEX,24,50,CAND_1,32.13,34.29
MEX,24,50,CAND_2,18.09,19.36
MEX,24,50,CAND_3,0.95,1.12
MEX,24,50,CAND_4,29.81,31.45
MEX,24,50,CAND_5,2.05,2.29
MEX,24,50,OTROS,2.8,3.09
MEX,24,50,PART,52.35,53.74
MEX,25,50,CAND_0,11.31,12.52
MEX,25,50,CAND_1,33.05,34.98
MEX,25,50,CAND_2,17.26,18.65
MEX,25,50,CAND_3,0.92,1.06
MEX,25,50,CAND_4,29.02,30.75
MEX,25,50,CAND_5,2.03,2.24
MEX,25,50,OTROS,2.95,3.25
MEX,25,50,PART,52.93,54.38
MEX,26,50,CAND_0,11.07,12.26
MEX,26,50,CAND_1,32.76,34.62
MEX,26,50,CAND_2,17.06,18.58
MEX,26,50,CAND_3,1.07,1.33
MEX,26,50,CAND_4,29.59,31.19
MEX,26,50,CAND_5,2.14,2.36
MEX,26,50,OTROS,2.82,3.15
MEX,26,50,PART,52.69,54.09
MEX,27,50,CAND_0,10.76,11.96
MEX,27,50,CAND_1,32.74,34.55
MEX,27,50,CAND_2,17.78,19.32
MEX,27,50,CAND_3,1.05,1.25
MEX,27,50,CAND_4,29.18,30.83
MEX,27,50,CAND_5,2.14,2.37
MEX,27,50,OTROS,2.88,3.2
MEX,27,50,PART,52.48,54.01
MEX,28,50,CAND_0,10.61,11.76
MEX,28,50,CAND_1,33.53,35.49
MEX,28,50,CAND_2,16.79,18.08
MEX,28,50,CAND_3,0.97,1.17
MEX,28,50,CAND_4,29.72,31.3
MEX,28,50,CAND_5,2.16,2.37
MEX,28,50,OTROS,2.87,3.17
MEX,28,50,PART,52.85,54.18
MEX,29,50,CAND_0,10.77,11.82
MEX,29,50,CAND_1,32.01,33.68
MEX,29,50,CAND_2,17.86,19.2
MEX,29,50,CAND_3,0.95,1.1
MEX,29,50,CAND_4,30.45,32.06
MEX,29,50,CAND_5,2.07,2.33
MEX,29,50,OTROS,2.71,2.98
MEX,29,50,PART,51.79,53.19
MEX,30,50,CAND_0,10.32,11.26
MEX,30,50,CAND_1,33.01,34.69
MEX,30,50,CAND_2,17.61,19.05
MEX,30,50,CAND_3,0.9,1.08
MEX,30,50,CAND_4,30.26,31.66
MEX,30,50,CAND_5,1.99,2.22
MEX,30,50,OTROS,2.84,3.1
MEX,30,50,PART,52.72,54.17
MEX,31,50,CAND_0,11.07,12.23
MEX,31,50,CAND_1,32.63,34.3
MEX,31,50,CAND_2,17.05,18.29
MEX,31,50,CAND_3,0.98,1.17
MEX,31,50,CAND_4,30.26,31.78
MEX,31,50,CAND_5,2.09,2.32
MEX,31,50,OTROS,2.79,3.05
MEX,31,50,PART,52.35,53.82
MEX,32,50,CAND_0,11.36,12.59
MEX,32,50,CAND_1,31.97,34.01
MEX,32,50,CAND_2,17.95,19.44
MEX,32,50,CAND_3,1.07,1.35
MEX,32,50,CAND_4,29.07,30.82
MEX,32,50,CAND_5,2.01,2.24
MEX,32,50,OTROS,2.92,3.22
MEX,32,50,PART,53.05,54.55
MEX,33,50,CAND_0,10.71,11.92
MEX,33,50,CAND_1,32.05,33.73
MEX,33,50,CAND_2,17.57,18.92
MEX,33,50,CAND_3,0.93,1.09
MEX,33,50,CAND_4,30.64,32.24
MEX,33,50,CAND_5,2.01,2.23
MEX,33,50,OTROS,2.84,3.14
MEX,33,50,PART,52.66,54.26
MEX,34,50,CAND_0,10.67,11.79
MEX,34,50,CAND_1,33.06,34.82
MEX,34,50,CAND_2,17.16,18.48
MEX,34,50,CAND_3,1.02,1.27
MEX,34,50,CAND_4,29.91,31.56
MEX,34,50,CAND_5,2,2.22
MEX,34,50,OTROS,2.86,3.19
MEX,34,50,PART,52.82,54.25
MEX,35,50,CAND_0,10.93,12.11
MEX,35,50,CAND_1,33.62,35.42
MEX,35,50,CAND_2,17.1,18.47
MEX,35,50,CAND_3,0.95,1.36
MEX,35,50,CAND_4,29.07,30.58
MEX,35,50,CAND_5,2.04,2.27
MEX,35,50,OTROS,2.89,3.18
MEX,35,50,PART,52.89,54.36
MEX,36,50,CAND_0,10.33,11.41
MEX,36,50,CAND_1,32.46,34.49
MEX,36,50,CAND_2,17.03,18.4
MEX,36,50,CAND_3,0.96,1.16
MEX,36,50,CAND_4,30.97,32.71
MEX,36,50,CAND_5,2.05,2.28
MEX,36,50,OTROS,2.72,3.02
MEX,36,50,PART,52.85,54.27
MEX,37,50,CAND_0,11.03,12.22
MEX,37,50,CAND_1,32.34,34.18
MEX,37,50,CAND_2,17.01,18.47
MEX,37,50,CAND_3,1.02,1.23
MEX,37,50,CAND_4,30.31,31.94
MEX,37,50,CAND_5,2.04,2.26
MEX,37,50,OTROS,2.84,3.12
MEX,37,50,PART,52.01,53.74
MEX,38,50,CAND_0,11.03,12.21
MEX,38,50,CAND_1,33.5,35.56
MEX,38,50,CAND_2,16.14,17.47
MEX,38,50,CAND_3,0.96,1.15
MEX,38,50,CAND_4,29.97,31.71
MEX,38,50,CAND_5,1.96,2.18
MEX,38,50,OTROS,2.92,3.24
MEX,38,50,PART,52.75,54.33
MEX,39,50,CAND_0,10.56,11.89
MEX,39,50,CAND_1,31.2,33.07
MEX,39,50,CAND_2,18.33,19.94
MEX,39,50,CAND_3,1.01,1.21
MEX,39,50,CAND_4,30.32,32
MEX,39,50,CAND_5,2.16,2.4
MEX,39,50,OTROS,2.81,3.1
MEX,39,50,PART,52.02,53.52
MEX,40,50,CAND_0,10.48,11.62
MEX,40,50,CAND_1,33.01,34.98
MEX,40,50,CAND_2,17.03,18.3
MEX,40,50,CAND_3,1.05,1.24
MEX,40,50,CAND_4,30.02,31.7
MEX,40,50,CAND_5,2.07,2.33
MEX,40,50,OTROS,2.95,3.21
MEX,40,50,PART,52.33,53.69
MEX,41,50,CAND_0,10.67,11.97
MEX,41,50,CAND_1,32.25,34.38
MEX,41,50,CAND_2,17.21,19.02
MEX,41,50,CAND_3,0.98,1.15
MEX,41,50,CAND_4,30.1,31.89
MEX,41,50,CAND_5,2.06,2.32
MEX,41,50,OTROS,2.85,3.16
MEX,41,50,PART,52.77,54.25
MEX,42,50,CAND_0,11.2,12.61
MEX,42,50,CAND_1,32.58,34.65
MEX,42,50,CAND_2,17.14,18.58
MEX,42,50,CAND_3,0.93,1.19
MEX,42,50,CAND_4,29.57,31.42
MEX,42,50,CAND_5,2.03,2.26
MEX,42,50,OTROS,2.76,3.08
MEX,42,50,PART,52.34,53.75
MEX,43,50,CAND_0,10.91,11.97
MEX,43,50,CAND_1,32.9,34.55
MEX,43,50,CAND_2,16.35,17.36
MEX,43,50,CAND_3,0.98,1.19
MEX,43,50,CAND_4,31.01,32.51
MEX,43,50,CAND_5,2.05,2.27
MEX,43,50,OTROS,2.84,3.12
MEX,43,50,PART,52.49,53.88
MEX,44,50,CAND_0,10.87,11.87
MEX,44,50,CAND_1,32.98,34.8
MEX,44,50,CAND_2,16.88,18.32
MEX,44,50,CAND_3,0.92,1.08
MEX,44,50,CAND_4,30.38,31.91
MEX,44,50,CAND_5,2.07,2.3
MEX,44,50,OTROS,2.69,2.95
MEX,44,50,PART,52.72,54.12
MEX,45,50,CAND_0,10.25,11.45
MEX,45,50,CAND_1,32.24,34.25
MEX,45,50,CAND_2,17.64,19.17
MEX,45,50,CAND_3,1.05,1.23
MEX,45,50,CAND_4,30.08,31.72
MEX,45,50,CAND_5,2.13,2.38
MEX,45,50,OTROS,3.04,3.37
MEX,45,50,PART,51.93,53.36
MEX,46,50,CAND_0,10.92,11.98
MEX,46,50,CAND_1,33.31,35.07
MEX,46,50,CAND_2,16.96,18.27
MEX,46,50,CAND_3,0.96,1.12
MEX,46,50,CAND_4,29.75,31.54
MEX,46,50,CAND_5,1.99,2.2
MEX,46,50,OTROS,2.83,3.11
MEX,46,50,PART,53.08,54.38
MEX,47,50,CAND_0,10.74,11.95
MEX,47,50,CAND_1,32.24,34.38
MEX,47,50,CAND_2,17.95,19.41
MEX,47,50,CAND_3,0.97,1.15
MEX,47,50,CAND_4,29.42,31.32
MEX,47,50,CAND_5,2.04,2.28
MEX,47,50,OTROS,2.93,3.22
MEX,47,50,PART,52.59,54.06
MEX,48,50,CAND_0,10.34,11.6
MEX,48,50,CAND_1,32.83,34.73
MEX,48,50,CAND_2,17.65,19.74
MEX,48,50,CAND_3,0.94,1.12
MEX,48,50,CAND_4,29.58,31.22
MEX,48,50,CAND_5,2.06,2.28
MEX,48,50,OTROS,2.8,3.11
MEX,48,50,PART,52.77,54.14
MEX,49,50,CAND_0,11.59,12.96
MEX,49,50,CAND_1,32.35,34.46
MEX,49,50,CAND_2,17.07,18.51
MEX,49,50,CAND_3,0.93,1.17
MEX,49,50,CAND_4,29.26,31.19
MEX,49,50,CAND_5,2.08,2.33
MEX,49,50,OTROS,2.9,3.22
MEX,49,50,PART,52.8,54.23
MEX,50,50,CAND_0,10.72,11.92
MEX,50,50,CAND_1,33.26,35.33
MEX,50,50,CAND_2,16.44,18.03
MEX,50,50,CAND_3,0.91,1.71
MEX,50,50,CAND_4,29.9,31.62
MEX,50,50,CAND_5,2.07,2.3
MEX,50,50,OTROS,2.75,3.03
MEX,50,50,PART,52.04,53.46
MEX,51,50,CAND_0,11.19,12.31
MEX,51,50,CAND_1,32.41,34.41
MEX,51,50,CAND_2,17.37,18.58
MEX,51,50,CAND_3,0.95,1.27
MEX,51,50,CAND_4,29.7,31.59
MEX,51,50,CAND_5,2.05,2.28
MEX,51,50,OTROS,2.78,3.11
MEX,51,50,PART,52.76,54.11
MEX,52,50,CAND_0,10.68,11.78
MEX,52,50,CAND_1,32.76,34.48
MEX,52,50,CAND_2,16.77,18.35
MEX,52,50,CAND_3,1.01,1.47
MEX,52,50,CAND_4,30.07,31.77
MEX,52,50,CAND_5,2.01,2.21
MEX,52,50,OTROS,3.16,3.49
MEX,52,50,PART,52.75,54.16
MEX,53,50,CAND_0,11,12.55
MEX,53,50,CAND_1,31.95,33.73
MEX,53,50,CAND_2,17.2,18.47
MEX,53,50,CAND_3,1.05,1.3
MEX,53,50,CAND_4,30.36,31.93
MEX,53,50,CAND_5,2.12,2.37
MEX,53,50,OTROS,2.83,3.14
MEX,53,50,PART,52.63,54.27
MEX,54,50,CAND_0,10.43,11.65
MEX,54,50,CAND_1,31.93,33.78
MEX,54,50,CAND_2,17.4,18.65
MEX,54,50,CAND_3,1.04,1.24
MEX,54,50,CAND_4,31.22,32.79
MEX,54,50,CAND_5,2.01,2.25
MEX,54,50,OTROS,2.66,2.95
MEX,54,50,PART,52.82,54.33
MEX,55,50,CAND_0,10.97,12.14
MEX,55,50,CAND_1,33.19,34.9
MEX,55,50,CAND_2,16.16,17.47
MEX,55,50,CAND_3,1.03,1.3
MEX,55,50,CAND_4,30.45,31.91
MEX,55,50,CAND_5,2.08,2.33
MEX,55,50,OTROS,2.86,3.21
MEX,55,50,PART,52.98,54.42
MEX,56,50,CAND_0,10.53,11.7
MEX,56,50,CAND_1,33.76,35.74
MEX,56,50,CAND_2,16.74,18.05
MEX,56,50,CAND_3,0.99,1.17
MEX,56,50,CAND_4,29.69,31.39
MEX,56,50,CAND_5,1.94,2.17
MEX,56,50,OTROS,2.91,3.21
MEX,56,50,PART,53,54.5
MEX,57,50,CAND_0,11.27,12.37
MEX,57,50,CAND_1,32.08,33.77
MEX,57,50,CAND_2,17.23,18.4
MEX,57,50,CAND_3,0.97,1.16
MEX,57,50,CAND_4,30.57,32
MEX,57,50,CAND_5,1.97,2.19
MEX,57,50,OTROS,2.87,3.16
MEX,57,50,PART,52.6,53.92
MEX,58,50,CAND_0,10.46,11.54
MEX,58,50,CAND_1,31.77,34.2
MEX,58,50,CAND_2,16.74,18.11
MEX,58,50,CAND_3,1.01,1.19
MEX,58,50,CAND_4,31.29,33.16
MEX,58,50,CAND_5,2.14,2.38
MEX,58,50,OTROS,2.84,3.18
MEX,58,50,PART,52.18,53.6
MEX,59,50,CAND_0,10.72,11.79
MEX,59,50,CAND_1,32.78,34.5
MEX,59,50,CAND_2,16.89,18.14
MEX,59,50,CAND_3,0.97,1.13
MEX,59,50,CAND_4,30.78,32.33
MEX,59,50,CAND_5,1.99,2.21
MEX,59,50,OTROS,2.75,3.02
MEX,59,50,PART,52.68,54.1
MEX,60,50,CAND_0,10.67,11.88
MEX,60,50,CAND_1,32.92,34.77
MEX,60,50,CAND_2,16.88,18.42
MEX,60,50,CAND_3,1.01,1.63
MEX,60,50,CAND_4,30.07,31.53
MEX,60,50,CAND_5,2.03,2.26
MEX,60,50,OTROS,2.83,3.1
MEX,60,50,PART,52.4,54
MEX,61,50,CAND_0,11.22,12.64
MEX,61,50,CAND_1,31.89,33.61
MEX,61,50,CAND_2,17.72,19.13
MEX,61,50,CAND_3,1.02,1.22
MEX,61,50,CAND_4,29.81,31.44
MEX,61,50,CAND_5,2.08,2.3
MEX,61,50,OTROS,2.83,3.1
MEX,61,50,PART,52.3,53.77
MEX,62,50,CAND_0,10.85,11.88
MEX,62,50,CAND_1,32.32,34.38
MEX,62,50,CAND_2,17.02,18.37
MEX,62,50,CAND_3,0.92,1.19
MEX,62,50,CAND_4,30.55,32.32
MEX,62,50,CAND_5,2.01,2.25
MEX,62,50,OTROS,2.83,3.11
MEX,62,50,PART,52.16,53.44
MEX,63,50,CAND_0,10.79,12.13
MEX,63,50,CAND_1,33.66,36.13
MEX,63,50,CAND_2,16.62,18.13
MEX,63,50,CAND_3,1.08,1.58
MEX,63,50,CAND_4,28.72,30.6
MEX,63,50,CAND_5,1.98,2.24
MEX,63,50,OTROS,3.01,3.31
MEX,63,50,PART,52.38,53.91
MEX,64,50,CAND_0,10.4,11.52
MEX,64,50,CAND_1,32.79,35.01
MEX,64,50,CAND_2,17.55,19
MEX,64,50,CAND_3,1,1.18
MEX,64,50,CAND_4,29.53,31.63
MEX,64,50,CAND_5,2.02,2.28
MEX,64,50,OTROS,2.91,3.17
MEX,64,50,PART,52.45,53.96
MEX,65,50,CAND_0,11.12,12.49
MEX,65,50,CAND_1,32.52,34.74
MEX,65,50,CAND_2,17.07,18.43
MEX,65,50,CAND_3,0.93,1.44
MEX,65,50,CAND_4,29.49,31.43
MEX,65,50,CAND_5,2.08,2.32
MEX,65,50,OTROS,2.81,3.14
MEX,65,50,PART,52.72,54.27
MEX,66,50,CAND_0,11.5,13.01
MEX,66,50,CAND_1,31.83,33.65
MEX,66,50,CAND_2,17.32,18.6
MEX,66,50,CAND_3,0.96,1.19
MEX,66,50,CAND_4,30.04,31.78
MEX,66,50,CAND_5,2.07,2.41
MEX,66,50,OTROS,2.67,2.96
MEX,66,50,PART,53,54.53
MEX,67,50,CAND_0,10.85,12.11
MEX,67,50,CAND_1,33.3,35.31
MEX,67,50,CAND_2,17.34,18.72
MEX,67,50,CAND_3,0.93,1.08
MEX,67,50,CAND_4,29.27,30.81
MEX,67,50,CAND_5,2.04,2.29
MEX,67,50,OTROS,2.81,3.13
MEX,67,50,PART,52.82,54.23
MEX,68,50,CAND_0,10.78,11.91
MEX,68,50,CAND_1,31.77,33.68
MEX,68,50,CAND_2,17.22,18.63
MEX,68,50,CAND_3,1.02,1.2
MEX,68,50,CAND_4,30.91,32.52
MEX,68,50,CAND_5,2.03,2.26
MEX,68,50,OTROS,2.89,3.19
MEX,68,50,PART,52,53.6
MEX,69,50,CAND_0,10.45,11.56
MEX,69,50,CAND_1,32.62,34.47
MEX,69,50,CAND_2,18.3,19.72
MEX,69,50,CAND_3,0.95,1.12
MEX,69,50,CAND_4,29.46,31.09
MEX,69,50,CAND_5,1.99,2.24
MEX,69,50,OTROS,2.89,3.17
MEX,69,50,PART,53.3,54.76
MEX,70,50,CAND_0,10.58,11.69
MEX,70,50,CAND_1,33.45,35.36
MEX,70,50,CAND_2,16.91,18.34
MEX,70,50,CAND_3,1.02,1.18
MEX,70,50,CAND_4,29.87,31.38
MEX,70,50,CAND_5,1.95,2.19
MEX,70,50,OTROS,2.89,3.2
MEX,70,50,PART,52.42,53.84
MEX,71,50,CAND_0,10.61,11.73
MEX,71,50,CAND_1,32.47,34.2
MEX,71,50,CAND_2,17.11,18.46
MEX,71,50,CAND_3,0.99,1.29
MEX,71,50,CAND_4,30.63,32.12
MEX,71,50,CAND_5,2.08,2.3
MEX,71,50,OTROS,2.87,3.15
MEX,71,50,PART,52.48,53.82
MEX,72,50,CAND_0,10.87,12.04
MEX,72,50,CAND_1,32.17,34.14
MEX,72,50,CAND_2,17.5,18.84
MEX,72,50,CAND_3,0.99,1.17
MEX,72,50,CAND_4,30.14,31.93
MEX,72,50,CAND_5,2.06,2.3
MEX,72,50,OTROS,2.78,3.07
MEX,72,50,PART,52.75,54.16
MEX,73,50,CAND_0,10.3,11.31
MEX,73,50,CAND_1,34.03,35.74
MEX,73,50,CAND_2,16.19,17.69
MEX,73,50,CAND_3,1.02,1.32
MEX,73,50,CAND_4,30.28,31.96
MEX,73,50,CAND_5,2,2.22
MEX,73,50,OTROS,2.83,3.13
MEX,73,50,PART,52.79,54.6
MEX,74,50,CAND_0,10.66,11.85
MEX,74,50,CAND_1,31.56,33.13
MEX,74,50,CAND_2,17.8,19.14
MEX,74,50,CAND_3,0.96,1.13
MEX,74,50,CAND_4,30.9,32.45
MEX,74,50,CAND_5,2.09,2.32
MEX,74,50,OTROS,2.87,3.14
MEX,74,50,PART,52.18,53.56
MEX,75,50,CAND_0,10.84,11.99
MEX,75,50,CAND_1,32.46,34.46
MEX,75,50,CAND_2,17.27,18.5
MEX,75,50,CAND_3,1.05,1.22
MEX,75,50,CAND_4,30.09,31.81
MEX,75,50,CAND_5,2.03,2.26
MEX,75,50,OTROS,2.85,3.16
MEX,75,50,PART,51.9,53.39
MEX,76,50,CAND_0,10.41,11.57
MEX,76,50,CAND_1,32.71,34.82
MEX,76,50,CAND_2,17.68,19.06
MEX,76,50,CAND_3,0.91,1.09
MEX,76,50,CAND_4,29.79,31.54
MEX,76,50,CAND_5,2.04,2.38
MEX,76,50,OTROS,2.87,3.15
MEX,76,50,PART,52.88,54.44
MEX,77,50,CAND_0,11.5,12.88
MEX,77,50,CAND_1,32.24,34.05
MEX,77,50,CAND_2,16.96,18.15
MEX,77,50,CAND_3,1,1.22
MEX,77,50,CAND_4,30.03,31.78
MEX,77,50,CAND_5,1.97,2.19
MEX,77,50,OTROS,2.86,3.17
MEX,77,50,PART,52.21,53.71
MEX,78,50,CAND_0,10.72,11.88
MEX,78,50,CAND_1,32.16,34.02
MEX,78,50,CAND_2,17.18,18.69
MEX,78,50,CAND_3,1.07,1.32
MEX,78,50,CAND_4,30.48,32.16
MEX,78,50,CAND_5,2.1,2.33
MEX,78,50,OTROS,2.79,3.08
MEX,78,50,PART,53.04,54.41
MEX,79,50,CAND_0,10.76,11.99
MEX,79,50,CAND_1,33.52,35.41
MEX,79,50,CAND_2,16.96,18.35
MEX,79,50,CAND_3,1.03,1.23
MEX,79,50,CAND_4,29.39,31.03
MEX,79,50,CAND_5,2.02,2.26
MEX,79,50,OTROS,2.89,3.16
MEX,79,50,PART,52.53,53.94
MEX,80,50,CAND_0,10.95,12.05
MEX,80,50,CAND_1,33.72,35.67
MEX,80,50,CAND_2,16.92,18.35
MEX,80,50,CAND_3,0.94,1.12
MEX,80,50,CAND_4,29.21,30.98
MEX,80,50,CAND_5,1.98,2.22
MEX,80,50,OTROS,2.81,3.08
MEX,80,50,PART,52.5,53.92
MEX,81,50,CAND_0,10.63,11.72
MEX,81,50,CAND_1,32.5,34.27
MEX,81,50,CAND_2,17.57,18.94
MEX,81,50,CAND_3,0.99,1.18
MEX,81,50,CAND_4,29.97,31.6
MEX,81,50,CAND_5,2.05,2.44
MEX,81,50,OTROS,2.91,3.23
MEX,81,50,PART,52.91,54.26
MEX,82,50,CAND_0,11.04,12.19
MEX,82,50,CAND_1,32.74,34.6
MEX,82,50,CAND_2,17.27,18.61
MEX,82,50,CAND_3,1.02,1.4
MEX,82,50,CAND_4,29.67,31.21
MEX,82,50,CAND_5,2.02,2.24
MEX,82,50,OTROS,2.86,3.14
MEX,82,50,PART,53.17,54.63
MEX,83,50,CAND_0,10.94,12.12
MEX,83,50,CAND_1,32.48,34.45
MEX,83,50,CAND_2,17.17,18.5
MEX,83,50,CAND_3,1.05,1.26
MEX,83,50,CAND_4,30.18,31.9
MEX,83,50,CAND_5,2.03,2.29
MEX,83,50,OTROS,2.69,2.94
MEX,83,50,PART,52.05,53.45
MEX,84,50,CAND_0,11.19,12.49
MEX,84,50,CAND_1,32.59,34.51
MEX,84,50,CAND_2,17.54,18.94
MEX,84,50,CAND_3,1.04,1.24
MEX,84,50,CAND_4,29.16,30.91
MEX,84,50,CAND_5,2.01,2.22
MEX,84,50,OTROS,2.92,3.23
MEX,84,50,PART,52.6,53.99
MEX,85,50,CAND_0,10.63,11.76
MEX,85,50,CAND_1,32.54,34.47
MEX,85,50,CAND_2,17.38,18.69
MEX,85,50,CAND_3,1.05,1.29
MEX,85,50,CAND_4,30.07,31.69
MEX,85,50,CAND_5,2.09,2.32
MEX,85,50,OTROS,2.86,3.16
MEX,85,50,PART,52.43,53.81
MEX,86,50,CAND_0,10.65,11.87
MEX,86,50,CAND_1,33.1,35
MEX,86,50,CAND_2,17.72,18.93
MEX,86,50,CAND_3,0.96,1.13
MEX,86,50,CAND_4,29.41,31.09
MEX,86,50,CAND_5,2.03,2.28
MEX,86,50,OTROS,2.77,3.05
MEX,86,50,PART,52.17,53.54
MEX,87,50,CAND_0,10.55,11.68
MEX,87,50,CAND_1,32.12,34.04
MEX,87,50,CAND_2,17.28,18.65
MEX,87,50,CAND_3,0.95,1.17
MEX,87,50,CAND_4,30.78,32.45
MEX,87,50,CAND_5,1.99,2.23
MEX,87,50,OTROS,2.92,3.2
MEX,87,50,PART,53.15,54.53
MEX,88,50,CAND_0,10.71,11.9
MEX,88,50,CAND_1,32.63,34.37
MEX,88,50,CAND_2,17.45,18.97
MEX,88,50,CAND_3,0.96,1.17
MEX,88,50,CAND_4,30.08,31.7
MEX,88,50,CAND_5,2.07,2.3
MEX,88,50,OTROS,2.7,2.98
MEX,88,50,PART,52.19,53.74
MEX,89,50,CAND_0,10.83,11.96
MEX,89,50,CAND_1,33.31,35.08
MEX,89,50,CAND_2,17.01,18.34
MEX,89,50,CAND_3,1.02,1.42
MEX,89,50,CAND_4,29.44,31.16
MEX,89,50,CAND_5,2.08,2.29
MEX,89,50,OTROS,2.88,3.19
MEX,89,50,PART,52.51,53.9
MEX,90,50,CAND_0,10.85,12
MEX,90,50,CAND_1,33.05,35.03
MEX,90,50,CAND_2,17.76,19.11
MEX,90,50,CAND_3,0.97,1.14
MEX,90,50,CAND_4,29.25,30.98
MEX,90,50,CAND_5,1.98,2.19
MEX,90,50,OTROS,2.71,2.99
MEX,90,50,PART,52.78,54.21
MEX,91,50,CAND_0,10.81,11.91
MEX,91,50,CAND_1,32.67,34.6
MEX,91,50,CAND_2,17.43,18.69
MEX,91,50,CAND_3,0.99,1.18
MEX,91,50,CAND_4,30.04,31.8
MEX,91,50,CAND_5,2.01,2.23
MEX,91,50,OTROS,2.67,2.97
MEX,91,50,PART,51.26,52.97
MEX,92,50,CAND_0,10.8,11.87
MEX,92,50,CAND_1,32.25,34.06
MEX,92,50,CAND_2,16.98,18.42
MEX,92,50,CAND_3,1.04,1.23
MEX,92,50,CAND_4,30.75,32.42
MEX,92,50,CAND_5,2.03,2.28
MEX,92,50,OTROS,2.79,3.07
MEX,92,50,PART,53.28,54.61
MEX,93,50,CAND_0,10.39,11.36
MEX,93,50,CAND_1,32.21,34.25
MEX,93,50,CAND_2,17.3,18.95
MEX,93,50,CAND_3,0.95,1.11
MEX,93,50,CAND_4,30.76,32.48
MEX,93,50,CAND_5,2.21,2.44
MEX,93,50,OTROS,2.66,2.91
MEX,93,50,PART,52.71,54.05
MEX,94,50,CAND_0,10.97,12.34
MEX,94,50,CAND_1,31.46,33.44
MEX,94,50,CAND_2,17.24,19.09
MEX,94,50,CAND_3,1,1.16
MEX,94,50,CAND_4,30.36,32.26
MEX,94,50,CAND_5,2.1,2.34
MEX,94,50,OTROS,2.96,3.27
MEX,94,50,PART,52.15,53.64
MEX,95,50,CAND_0,11.11,12.25
MEX,95,50,CAND_1,32.23,33.99
MEX,95,50,CAND_2,17.94,19.39
MEX,95,50,CAND_3,0.96,1.25
MEX,95,50,CAND_4,29.28,31.07
MEX,95,50,CAND_5,2,2.25
MEX,95,50,OTROS,2.96,3.31
MEX,95,50,PART,52.49,54.08
MEX,96,50,CAND_0,10.85,12.13
MEX,96,50,CAND_1,32.23,34.21
MEX,96,50,CAND_2,16.9,18.5
MEX,96,50,CAND_3,0.93,1.09
MEX,96,50,CAND_4,30.2,32.22
MEX,96,50,CAND_5,2.14,2.39
MEX,96,50,OTROS,2.97,3.24
MEX,96,50,PART,52.49,53.97
MEX,97,50,CAND_0,10.74,11.98
MEX,97,50,CAND_1,31.99,33.81
MEX,97,50,CAND_2,17.09,18.33
MEX,97,50,CAND_3,1.09,1.33
MEX,97,50,CAND_4,30.69,32.4
MEX,97,50,CAND_5,2.12,2.34
MEX,97,50,OTROS,2.91,3.18
MEX,97,50,PART,52.63,53.95
MEX,98,50,CAND_0,10.86,12.25
MEX,98,50,CAND_1,32.53,34.35
MEX,98,50,CAND_2,16.86,18.23
MEX,98,50,CAND_3,0.97,1.16
MEX,98,50,CAND_4,30.5,32.06
MEX,98,50,CAND_5,2.08,2.3
MEX,98,50,OTROS,2.77,3.09
MEX,98,50,PART,52.32,53.75
MEX,99,50,CAND_0,10.6,11.66
MEX,99,50,CAND_1,32.56,34.65
MEX,99,50,CAND_2,17.2,18.57
MEX,99,50,CAND_3,0.96,1.18
MEX,99,50,CAND_4,30.33,32.01
MEX,99,50,CAND_5,2.07,2.31
MEX,99,50,OTROS,2.82,3.09
MEX,99,50,PART,52.15,53.7
MEX,100,50,CAND_0,10.92,12.14
MEX,100,50,CAND_1,32.75,34.42
MEX,100,50,CAND_2,17.36,18.83
MEX,100,50,CAND_3,0.98,1.18
MEX,100,50,CAND_4,29.83,31.39
MEX,100,50,CAND_5,1.99,2.23
MEX,100,50,OTROS,2.83,3.15
MEX,100,50,PART,52.65,54.03
MEX,1,75,CAND_0,10.8,11.63
MEX,1,75,CAND_1,32.42,33.91
MEX,1,75,CAND_2,17.68,18.77
MEX,1,75,CAND_3,1.03,1.19
MEX,1,75,CAND_4,30.55,31.81
MEX,1,75,CAND_5,2.09,2.27
MEX,1,75,OTROS,2.82,3.05
MEX,1,75,PART,52.82,53.96
MEX,2,75,CAND_0,10.75,11.64
MEX,2,75,CAND_1,33.27,34.68
MEX,2,75,CAND_2,17.21,18.31
MEX,2,75,CAND_3,1,1.14
MEX,2,75,CAND_4,30.33,31.5
MEX,2,75,CAND_5,2.07,2.25
MEX,2,75,OTROS,2.83,3.05
MEX,2,75,PART,53.03,54.14
MEX,3,75,CAND_0,10.8,11.72
MEX,3,75,CAND_1,32.31,33.86
MEX,3,75,CAND_2,18.04,19.23
MEX,3,75,CAND_3,1.03,1.19
MEX,3,75,CAND_4,30.19,31.51
MEX,3,75,CAND_5,2.08,2.27
MEX,3,75,OTROS,2.77,3
MEX,3,75,PART,53.12,54.28
MEX,4,75,CAND_0,11.36,12.43
MEX,4,75,CAND_1,33.58,35.04
MEX,4,75,CAND_2,16.83,17.85
MEX,4,75,CAND_3,1.04,1.19
MEX,4,75,CAND_4,29.52,30.82
MEX,4,75,CAND_5,2.09,2.27
MEX,4,75,OTROS,2.86,3.12
MEX,4,75,PART,52.77,53.86
MEX,5,75,CAND_0,11.08,12.1
MEX,5,75,CAND_1,32.86,34.37
MEX,5,75,CAND_2,17.46,18.62
MEX,5,75,CAND_3,1.04,1.27
MEX,5,75,CAND_4,29.82,31.24
MEX,5,75,CAND_5,2.02,2.19
MEX,5,75,OTROS,2.85,3.07
MEX,5,75,PART,52.73,53.89
MEX,6,75,CAND_0,10.85,11.83
MEX,6,75,CAND_1,32.43,33.83
MEX,6,75,CAND_2,17.83,18.97
MEX,6,75,CAND_3,0.95,1.12
MEX,6,75,CAND_4,30.22,31.61
MEX,6,75,CAND_5,2.07,2.25
MEX,6,75,OTROS,2.9,3.16
MEX,6,75,PART,52.77,53.92
MEX,7,75,CAND_0,10.76,11.7
MEX,7,75,CAND_1,32.93,34.37
MEX,7,75,CAND_2,17.24,18.35
MEX,7,75,CAND_3,1,1.18
MEX,7,75,CAND_4,30.58,31.85
MEX,7,75,CAND_5,2.02,2.21
MEX,7,75,OTROS,2.8,3.03
MEX,7,75,PART,52.6,53.71
MEX,8,75,CAND_0,11.19,12.2
MEX,8,75,CAND_1,32.9,34.36
MEX,8,75,CAND_2,17.2,18.23
MEX,8,75,CAND_3,1.04,1.2
MEX,8,75,CAND_4,30.02,31.25
MEX,8,75,CAND_5,2.11,2.29
MEX,8,75,OTROS,2.88,3.12
MEX,8,75,PART,52.9,53.99
MEX,9,75,CAND_0,11.14,12.12
MEX,9,75,CAND_1,33.28,34.81
MEX,9,75,CAND_2,17.12,18.15
MEX,9,75,CAND_3,0.97,1.13
MEX,9,75,CAND_4,29.82,31.08
MEX,9,75,CAND_5,2.02,2.21
MEX,9,75,OTROS,2.96,3.19
MEX,9,75,PART,53.15,54.33
MEX,10,75,CAND_0,11.17,12.16
MEX,10,75,CAND_1,32.42,33.87
MEX,10,75,CAND_2,17.68,18.82
MEX,10,75,CAND_3,0.96,1.1
MEX,10,75,CAND_4,30.15,31.44
MEX,10,75,CAND_5,2.08,2.26
MEX,10,75,OTROS,2.82,3.06
MEX,10,75,PART,53.34,54.47
MEX,11,75,CAND_0,10.98,11.89
MEX,11,75,CAND_1,32.42,33.95
MEX,11,75,CAND_2,17.41,18.51
MEX,11,75,CAND_3,1.01,1.19
MEX,11,75,CAND_4,30.71,32
MEX,11,75,CAND_5,1.99,2.18
MEX,11,75,OTROS,2.76,2.99
MEX,11,75,PART,52.97,54.11
MEX,12,75,CAND_0,10.6,11.56
MEX,12,75,CAND_1,33.68,35.14
MEX,12,75,CAND_2,17.5,18.6
MEX,12,75,CAND_3,1.03,1.2
MEX,12,75,CAND_4,29.56,30.86
MEX,12,75,CAND_5,2.09,2.28
MEX,12,75,OTROS,2.84,3.08
MEX,12,75,PART,52.71,53.82
MEX,13,75,CAND_0,10.96,11.86
MEX,13,75,CAND_1,32.94,34.44
MEX,13,75,CAND_2,17.17,18.22
MEX,13,75,CAND_3,1.06,1.2
MEX,13,75,CAND_4,30.15,31.48
MEX,13,75,CAND_5,2.09,2.29
MEX,13,75,OTROS,2.95,3.18
MEX,13,75,PART,52.82,53.94
MEX,14,75,CAND_0,10.69,11.58
MEX,14,75,CAND_1,33.28,34.79
MEX,14,75,CAND_2,17.49,18.64
MEX,14,75,CAND_3,1,1.19
MEX,14,75,CAND_4,30,31.32
MEX,14,75,CAND_5,2.02,2.19
MEX,14,75,OTROS,2.8,3.01
MEX,14,75,PART,53.14,54.26
MEX,15,75,CAND_0,10.78,11.71
MEX,15,75,CAND_1,32.3,33.71
MEX,15,75,CAND_2,17.41,18.53
MEX,15,75,CAND_3,1.06,1.21
MEX,15,75,CAND_4,30.77,32.03
MEX,15,75,CAND_5,2.14,2.32
MEX,15,75,OTROS,2.91,3.13
MEX,15,75,PART,52.76,53.98
MEX,16,75,CAND_0,10.82,11.74
MEX,16,75,CAND_1,32.45,34.04
MEX,16,75,CAND_2,17.13,18.17
MEX,16,75,CAND_3,1.03,1.18
MEX,16,75,CAND_4,30.92,32.23
MEX,16,75,CAND_5,2.08,2.27
MEX,16,75,OTROS,2.85,3.09
MEX,16,75,PART,52.7,53.84
MEX,17,75,CAND_0,10.81,11.65
MEX,17,75,CAND_1,33.54,34.97
MEX,17,75,CAND_2,17.14,18.24
MEX,17,75,CAND_3,1.05,1.22
MEX,17,75,CAND_4,29.98,31.25
MEX,17,75,CAND_5,2.03,2.22
MEX,17,75,OTROS,2.84,3.06
MEX,17,75,PART,52.61,53.77
MEX,18,75,CAND_0,10.64,11.65
MEX,18,75,CAND_1,33.45,35.14
MEX,18,75,CAND_2,17.68,18.91
MEX,18,75,CAND_3,1,1.15
MEX,18,75,CAND_4,29.48,30.8
MEX,18,75,CAND_5,1.99,2.17
MEX,18,75,OTROS,2.85,3.09
MEX,18,75,PART,52.9,53.98
MEX,19,75,CAND_0,11.28,12.3
MEX,19,75,CAND_1,33.22,34.73
MEX,19,75,CAND_2,17.25,18.25
MEX,19,75,CAND_3,0.95,1.08
MEX,19,75,CAND_4,29.67,30.94
MEX,19,75,CAND_5,2.08,2.33
MEX,19,75,OTROS,2.85,3.09
MEX,19,75,PART,52.73,53.91
MEX,20,75,CAND_0,10.73,11.62
MEX,20,75,CAND_1,33.06,34.5
MEX,20,75,CAND_2,17.1,18.17
MEX,20,75,CAND_3,1.02,1.16
MEX,20,75,CAND_4,30.5,31.81
MEX,20,75,CAND_5,2.05,2.24
MEX,20,75,OTROS,2.91,3.13
MEX,20,75,PART,51.94,53.03
MEX,21,75,CAND_0,10.86,11.79
MEX,21,75,CAND_1,32.97,34.54
MEX,21,75,CAND_2,17.26,18.42
MEX,21,75,CAND_3,1.01,1.25
MEX,21,75,CAND_4,30.17,31.43
MEX,21,75,CAND_5,2.07,2.26
MEX,21,75,OTROS,2.86,3.11
MEX,21,75,PART,52.99,54.15
MEX,22,75,CAND_0,10.92,11.92
MEX,22,75,CAND_1,32.65,34.22
MEX,22,75,CAND_2,17.69,18.8
MEX,22,75,CAND_3,0.98,1.12
MEX,22,75,CAND_4,30.05,31.34
MEX,22,75,CAND_5,2.08,2.27
MEX,22,75,OTROS,2.86,3.09
MEX,22,75,PART,52.51,53.63
MEX,23,75,CAND_0,11.24,12.16
MEX,23,75,CAND_1,33.03,34.57
MEX,23,75,CAND_2,17.07,18.15
MEX,23,75,CAND_3,1,1.14
MEX,23,75,CAND_4,29.92,31.29
MEX,23,75,CAND_5,2.17,2.35
MEX,23,75,OTROS,2.84,3.06
MEX,23,75,PART,53.12,54.28
MEX,24,75,CAND_0,10.75,11.62
MEX,24,75,CAND_1,32.26,33.77
MEX,24,75,CAND_2,18.11,19.13
MEX,24,75,CAND_3,0.96,1.09
MEX,24,75,CAND_4,30.38,31.63
MEX,24,75,CAND_5,2.06,2.25
MEX,24,75,OTROS,2.87,3.1
MEX,24,75,PART,52.74,53.82
MEX,25,75,CAND_0,11.17,12.16
MEX,25,75,CAND_1,33.07,34.54
MEX,25,75,CAND_2,17.57,18.66
MEX,25,75,CAND_3,0.96,1.09
MEX,25,75,CAND_4,29.46,30.78
MEX,25,75,CAND_5,2.07,2.23
MEX,25,75,OTROS,3,3.24
MEX,25,75,PART,52.97,54.08
MEX,26,75,CAND_0,10.9,11.82
MEX,26,75,CAND_1,32.85,34.37
MEX,26,75,CAND_2,17.36,18.48
MEX,26,75,CAND_3,1.02,1.19
MEX,26,75,CAND_4,30.15,31.45
MEX,26,75,CAND_5,2.16,2.33
MEX,26,75,OTROS,2.84,3.08
MEX,26,75,PART,52.84,54
MEX,27,75,CAND_0,10.88,11.85
MEX,27,75,CAND_1,32.91,34.34
MEX,27,75,CAND_2,17.98,19.06
MEX,27,75,CAND_3,1.05,1.2
MEX,27,75,CAND_4,29.48,30.77
MEX,27,75,CAND_5,2.1,2.28
MEX,27,75,OTROS,2.93,3.17
MEX,27,75,PART,52.66,53.82
MEX,28,75,CAND_0,10.7,11.6
MEX,28,75,CAND_1,33.38,34.89
MEX,28,75,CAND_2,17.1,18.2
MEX,28,75,CAND_3,1,1.14
MEX,28,75,CAND_4,30.13,31.37
MEX,28,75,CAND_5,2.15,2.33
MEX,28,75,OTROS,2.89,3.13
MEX,28,75,PART,52.9,54
MEX,29,75,CAND_0,10.84,11.74
MEX,29,75,CAND_1,32.52,33.97
MEX,29,75,CAND_2,17.64,18.82
MEX,29,75,CAND_3,0.98,1.14
MEX,29,75,CAND_4,30.42,31.81
MEX,29,75,CAND_5,2.04,2.23
MEX,29,75,OTROS,2.82,3.05
MEX,29,75,PART,52.26,53.34
MEX,30,75,CAND_0,10.64,11.52
MEX,30,75,CAND_1,32.66,34.1
MEX,30,75,CAND_2,18.03,19.22
MEX,30,75,CAND_3,0.95,1.1
MEX,30,75,CAND_4,30.09,31.37
MEX,30,75,CAND_5,2.02,2.21
MEX,30,75,OTROS,2.94,3.15
MEX,30,75,PART,52.8,53.91
MEX,31,75,CAND_0,11.26,12.18
MEX,31,75,CAND_1,32.35,33.74
MEX,31,75,CAND_2,17.43,18.51
MEX,31,75,CAND_3,0.99,1.13
MEX,31,75,CAND_4,30.51,31.76
MEX,31,75,CAND_5,2.08,2.26
MEX,31,75,OTROS,2.79,3
MEX,31,75,PART,52.74,53.89
MEX,32,75,CAND_0,11.25,12.2
MEX,32,75,CAND_1,32.35,33.8
MEX,32,75,CAND_2,17.86,19.05
MEX,32,75,CAND_3,1.06,1.3
MEX,32,75,CAND_4,29.76,31.13
MEX,32,75,CAND_5,2.01,2.19
MEX,32,75,OTROS,2.9,3.12
MEX,32,75,PART,53.04,54.2
MEX,33,75,CAND_0,10.97,12.04
MEX,33,75,CAND_1,31.99,33.41
MEX,33,75,CAND_2,17.74,18.84
MEX,33,75,CAND_3,0.95,1.08
MEX,33,75,CAND_4,30.67,31.97
MEX,33,75,CAND_5,2.06,2.24
MEX,33,75,OTROS,2.9,3.14
MEX,33,75,PART,53.06,54.26
MEX,34,75,CAND_0,11.18,12.12
MEX,34,75,CAND_1,32.93,34.29
MEX,34,75,CAND_2,17.42,18.52
MEX,34,75,CAND_3,1.01,1.19
MEX,34,75,CAND_4,29.93,31.15
MEX,34,75,CAND_5,2.03,2.21
MEX,34,75,OTROS,2.88,3.14
MEX,34,75,PART,53.2,54.26
MEX,35,75,CAND_0,10.88,11.77
MEX,35,75,CAND_1,33.09,34.57
MEX,35,75,CAND_2,17.55,18.66
MEX,35,75,CAND_3,0.97,1.25
MEX,35,75,CAND_4,29.82,31.05
MEX,35,75,CAND_5,2.06,2.24
MEX,35,75,OTROS,2.93,3.15
MEX,35,75,PART,53.13,54.29
MEX,36,75,CAND_0,10.44,11.28
MEX,36,75,CAND_1,33.11,34.76
MEX,36,75,CAND_2,17.07,18.2
MEX,36,75,CAND_3,1.02,1.17
MEX,36,75,CAND_4,30.79,32.16
MEX,36,75,CAND_5,1.99,2.17
MEX,36,75,OTROS,2.8,3.04
MEX,36,75,PART,53.06,54.14
MEX,37,75,CAND_0,11.01,11.88
MEX,37,75,CAND_1,32.59,34.01
MEX,37,75,CAND_2,17.48,18.54
MEX,37,75,CAND_3,1.03,1.22
MEX,37,75,CAND_4,30.43,31.68
MEX,37,75,CAND_5,2.02,2.2
MEX,37,75,OTROS,2.85,3.06
MEX,37,75,PART,52.2,53.4
MEX,38,75,CAND_0,10.71,11.66
MEX,38,75,CAND_1,33.43,34.93
MEX,38,75,CAND_2,16.95,18
MEX,38,75,CAND_3,1,1.13
MEX,38,75,CAND_4,30.31,31.67
MEX,38,75,CAND_5,1.97,2.14
MEX,38,75,OTROS,2.93,3.17
MEX,38,75,PART,52.81,53.95
MEX,39,75,CAND_0,10.71,11.67
MEX,39,75,CAND_1,31.74,33.21
MEX,39,75,CAND_2,18.36,19.56
MEX,39,75,CAND_3,1.04,1.26
MEX,39,75,CAND_4,30.42,31.69
MEX,39,75,CAND_5,2.13,2.31
MEX,39,75,OTROS,2.83,3.06
MEX,39,75,PART,52.43,53.59
MEX,40,75,CAND_0,10.75,11.84
MEX,40,75,CAND_1,32.77,34.33
MEX,40,75,CAND_2,17.32,18.48
MEX,40,75,CAND_3,1.04,1.19
MEX,40,75,CAND_4,30.23,31.6
MEX,40,75,CAND_5,2.07,2.26
MEX,40,75,OTROS,2.95,3.18
MEX,40,75,PART,52.77,53.94
MEX,41,75,CAND_0,10.95,12.02
MEX,41,75,CAND_1,32.74,34.37
MEX,41,75,CAND_2,17.55,18.84
MEX,41,75,CAND_3,0.97,1.1
MEX,41,75,CAND_4,29.87,31.27
MEX,41,75,CAND_5,2.05,2.26
MEX,41,75,OTROS,2.89,3.13
MEX,41,75,PART,52.72,53.86
MEX,42,75,CAND_0,11.12,12.13
MEX,42,75,CAND_1,32.67,34.21
MEX,42,75,CAND_2,17.33,18.46
MEX,42,75,CAND_3,0.98,1.13
MEX,42,75,CAND_4,30.25,31.63
MEX,42,75,CAND_5,2.04,2.21
MEX,42,75,OTROS,2.8,3.05
MEX,42,75,PART,52.64,53.75
MEX,43,75,CAND_0,10.72,11.55
MEX,43,75,CAND_1,33.02,34.37
MEX,43,75,CAND_2,16.78,17.62
MEX,43,75,CAND_3,1.02,1.17
MEX,43,75,CAND_4,31.17,32.33
MEX,43,75,CAND_5,2.08,2.26
MEX,43,75,OTROS,2.84,3.06
MEX,43,75,PART,52.89,53.95
MEX,44,75,CAND_0,10.88,11.69
MEX,44,75,CAND_1,33.05,34.49
MEX,44,75,CAND_2,17.19,18.31
MEX,44,75,CAND_3,0.95,1.07
MEX,44,75,CAND_4,30.51,31.77
MEX,44,75,CAND_5,2.04,2.22
MEX,44,75,OTROS,2.81,3.03
MEX,44,75,PART,52.62,53.77
MEX,45,75,CAND_0,10.48,11.36
MEX,45,75,CAND_1,32.84,34.27
MEX,45,75,CAND_2,17.57,18.71
MEX,45,75,CAND_3,1.03,1.17
MEX,45,75,CAND_4,30.28,31.59
MEX,45,75,CAND_5,2.14,2.32
MEX,45,75,OTROS,2.99,3.25
MEX,45,75,PART,52.44,53.57
MEX,46,75,CAND_0,10.9,11.79
MEX,46,75,CAND_1,33.77,35.25
MEX,46,75,CAND_2,16.96,17.9
MEX,46,75,CAND_3,0.97,1.09
MEX,46,75,CAND_4,29.93,31.23
MEX,46,75,CAND_5,1.99,2.15
MEX,46,75,OTROS,2.93,3.16
MEX,46,75,PART,53.06,54.19
MEX,47,75,CAND_0,10.79,11.72
MEX,47,75,CAND_1,32.6,34.13
MEX,47,75,CAND_2,17.94,19.04
MEX,47,75,CAND_3,0.99,1.13
MEX,47,75,CAND_4,29.96,31.27
MEX,47,75,CAND_5,2.1,2.29
MEX,47,75,OTROS,2.91,3.14
MEX,47,75,PART,52.68,53.87
MEX,48,75,CAND_0,10.42,11.38
MEX,48,75,CAND_1,32.81,34.18
MEX,48,75,CAND_2,18.17,19.64
MEX,48,75,CAND_3,0.97,1.12
MEX,48,75,CAND_4,29.86,31.14
MEX,48,75,CAND_5,2.08,2.26
MEX,48,75,OTROS,2.88,3.11
MEX,48,75,PART,52.68,53.74
MEX,49,75,CAND_0,11.51,12.63
MEX,49,75,CAND_1,32.55,34.18
MEX,49,75,CAND_2,17.4,18.55
MEX,49,75,CAND_3,1,1.19
MEX,49,75,CAND_4,29.51,30.96
MEX,49,75,CAND_5,2.09,2.29
MEX,49,75,OTROS,2.94,3.2
MEX,49,75,PART,53.1,54.28
MEX,50,75,CAND_0,10.67,11.61
MEX,50,75,CAND_1,33.33,34.87
MEX,50,75,CAND_2,17.08,18.29
MEX,50,75,CAND_3,1.02,1.32
MEX,50,75,CAND_4,30.18,31.58
MEX,50,75,CAND_5,2.02,2.2
MEX,50,75,OTROS,2.79,3.03
MEX,50,75,PART,52.26,53.36
MEX,51,75,CAND_0,11.28,12.27
MEX,51,75,CAND_1,32.37,33.91
MEX,51,75,CAND_2,17.73,18.77
MEX,51,75,CAND_3,0.98,1.24
MEX,51,75,CAND_4,30.03,31.37
MEX,51,75,CAND_5,2.04,2.24
MEX,51,75,OTROS,2.74,3.01
MEX,51,75,PART,53.36,54.42
MEX,52,75,CAND_0,10.72,11.68
MEX,52,75,CAND_1,32.91,34.34
MEX,52,75,CAND_2,17.13,18.25
MEX,52,75,CAND_3,1.01,1.38
MEX,52,75,CAND_4,30.37,31.68
MEX,52,75,CAND_5,2.01,2.17
MEX,52,75,OTROS,3.06,3.29
MEX,52,75,PART,52.9,54
MEX,53,75,CAND_0,11.15,12.21
MEX,53,75,CAND_1,32.66,34.1
MEX,53,75,CAND_2,17.09,18.12
MEX,53,75,CAND_3,1.03,1.2
MEX,53,75,CAND_4,30.44,31.69
MEX,53,75,CAND_5,2.12,2.31
MEX,53,75,OTROS,2.83,3.06
MEX,53,75,PART,53.01,54.19
MEX,54,75,CAND_0,10.89,11.85
MEX,54,75,CAND_1,32.47,33.82
MEX,54,75,CAND_2,17.6,18.72
MEX,54,75,CAND_3,1.03,1.19
MEX,54,75,CAND_4,30.64,31.94
MEX,54,75,CAND_5,2,2.18
MEX,54,75,OTROS,2.72,2.95
MEX,54,75,PART,52.9,54.1
MEX,55,75,CAND_0,10.84,11.71
MEX,55,75,CAND_1,33.49,34.85
MEX,55,75,CAND_2,16.7,17.69
MEX,55,75,CAND_3,1.06,1.23
MEX,55,75,CAND_4,30.33,31.59
MEX,55,75,CAND_5,2.11,2.31
MEX,55,75,OTROS,2.93,3.17
MEX,55,75,PART,52.8,53.96
MEX,56,75,CAND_0,10.68,11.57
MEX,56,75,CAND_1,33.41,34.92
MEX,56,75,CAND_2,17.12,18.22
MEX,56,75,CAND_3,1.02,1.22
MEX,56,75,CAND_4,30.24,31.54
MEX,56,75,CAND_5,1.99,2.17
MEX,56,75,OTROS,2.84,3.08
MEX,56,75,PART,53.39,54.54
MEX,57,75,CAND_0,10.97,11.79
MEX,57,75,CAND_1,32.54,33.91
MEX,57,75,CAND_2,17.32,18.29
MEX,57,75,CAND_3,0.99,1.14
MEX,57,75,CAND_4,30.78,31.97
MEX,57,75,CAND_5,2.04,2.29
MEX,57,75,OTROS,2.88,3.11
MEX,57,75,PART,52.72,53.83
MEX,58,75,CAND_0,10.64,11.52
MEX,58,75,CAND_1,32.4,33.89
MEX,58,75,CAND_2,17.25,18.53
MEX,58,75,CAND_3,1.01,1.15
MEX,58,75,CAND_4,31,32.33
MEX,58,75,CAND_5,2.1,2.28
MEX,58,75,OTROS,2.83,3.07
MEX,58,75,PART,52.61,53.78
MEX,59,75,CAND_0,10.73,11.56
MEX,59,75,CAND_1,32.85,34.26
MEX,59,75,CAND_2,17.06,18.07
MEX,59,75,CAND_3,1.02,1.17
MEX,59,75,CAND_4,30.99,32.24
MEX,59,75,CAND_5,2.02,2.19
MEX,59,75,OTROS,2.81,3.03
MEX,59,75,PART,52.78,53.9
MEX,60,75,CAND_0,10.7,11.61
MEX,60,75,CAND_1,33.32,34.88
MEX,60,75,CAND_2,17.18,18.3
MEX,60,75,CAND_3,1.02,1.37
MEX,60,75,CAND_4,30.13,31.44
MEX,60,75,CAND_5,2.03,2.2
MEX,60,75,OTROS,2.8,3.02
MEX,60,75,PART,52.85,54.01
MEX,61,75,CAND_0,11.38,12.44
MEX,61,75,CAND_1,32.41,33.88
MEX,61,75,CAND_2,17.61,18.74
MEX,61,75,CAND_3,1.01,1.16
MEX,61,75,CAND_4,29.89,31.22
MEX,61,75,CAND_5,2.1,2.28
MEX,61,75,OTROS,2.84,3.06
MEX,61,75,PART,52.65,53.92
MEX,62,75,CAND_0,11.09,11.98
MEX,62,75,CAND_1,32.79,34.3
MEX,62,75,CAND_2,17.13,18.14
MEX,62,75,CAND_3,0.97,1.16
MEX,62,75,CAND_4,30.47,31.75
MEX,62,75,CAND_5,2.07,2.26
MEX,62,75,OTROS,2.84,3.06
MEX,62,75,PART,52.74,53.84
MEX,63,75,CAND_0,10.84,11.83
MEX,63,75,CAND_1,33.14,34.83
MEX,63,75,CAND_2,17.17,18.37
MEX,63,75,CAND_3,1.08,1.49
MEX,63,75,CAND_4,29.77,31.1
MEX,63,75,CAND_5,2.04,2.23
MEX,63,75,OTROS,2.94,3.17
MEX,63,75,PART,52.58,53.79
MEX,64,75,CAND_0,10.65,11.58
MEX,64,75,CAND_1,33,34.61
MEX,64,75,CAND_2,17.45,18.57
MEX,64,75,CAND_3,1.04,1.18
MEX,64,75,CAND_4,30.11,31.58
MEX,64,75,CAND_5,2.04,2.23
MEX,64,75,OTROS,2.87,3.08
MEX,64,75,PART,52.71,53.87
MEX,65,75,CAND_0,11.14,12.18
MEX,65,75,CAND_1,32.72,34.21
MEX,65,75,CAND_2,17.31,18.38
MEX,65,75,CAND_3,0.98,1.34
MEX,65,75,CAND_4,30.03,31.31
MEX,65,75,CAND_5,2.13,2.31
MEX,65,75,OTROS,2.86,3.11
MEX,65,75,PART,52.92,54.09
MEX,66,75,CAND_0,11.4,12.51
MEX,66,75,CAND_1,32.39,33.74
MEX,66,75,CAND_2,17.48,18.54
MEX,66,75,CAND_3,0.96,1.12
MEX,66,75,CAND_4,30.2,31.47
MEX,66,75,CAND_5,2.12,2.37
MEX,66,75,OTROS,2.73,2.95
MEX,66,75,PART,52.73,53.89
MEX,67,75,CAND_0,10.78,11.88
MEX,67,75,CAND_1,33.43,35.01
MEX,67,75,CAND_2,17.59,18.7
MEX,67,75,CAND_3,0.98,1.1
MEX,67,75,CAND_4,29.55,30.84
MEX,67,75,CAND_5,2.03,2.21
MEX,67,75,OTROS,2.83,3.07
MEX,67,75,PART,53.36,54.48
MEX,68,75,CAND_0,10.81,11.69
MEX,68,75,CAND_1,32.46,33.87
MEX,68,75,CAND_2,17.73,18.8
MEX,68,75,CAND_3,1,1.14
MEX,68,75,CAND_4,30.48,31.76
MEX,68,75,CAND_5,2.02,2.21
MEX,68,75,OTROS,2.9,3.13
MEX,68,75,PART,52.48,53.72
MEX,69,75,CAND_0,10.93,11.9
MEX,69,75,CAND_1,32.77,34.24
MEX,69,75,CAND_2,17.94,19.09
MEX,69,75,CAND_3,1.01,1.21
MEX,69,75,CAND_4,29.64,31.03
MEX,69,75,CAND_5,2.06,2.23
MEX,69,75,OTROS,2.87,3.09
MEX,69,75,PART,53.4,54.54
MEX,70,75,CAND_0,10.9,11.87
MEX,70,75,CAND_1,33.57,34.94
MEX,70,75,CAND_2,17.11,18.25
MEX,70,75,CAND_3,1.02,1.17
MEX,70,75,CAND_4,29.97,31.13
MEX,70,75,CAND_5,1.97,2.14
MEX,70,75,OTROS,2.87,3.09
MEX,70,75,PART,52.71,53.83
MEX,71,75,CAND_0,10.59,11.44
MEX,71,75,CAND_1,33.08,34.56
MEX,71,75,CAND_2,17.22,18.34
MEX,71,75,CAND_3,1.01,1.24
MEX,71,75,CAND_4,30.43,31.65
MEX,71,75,CAND_5,2.05,2.23
MEX,71,75,OTROS,2.96,3.19
MEX,71,75,PART,52.57,53.63
MEX,72,75,CAND_0,11.27,12.22
MEX,72,75,CAND_1,32.14,33.53
MEX,72,75,CAND_2,17.6,18.68
MEX,72,75,CAND_3,0.97,1.13
MEX,72,75,CAND_4,30.51,31.81
MEX,72,75,CAND_5,2.05,2.23
MEX,72,75,OTROS,2.82,3.03
MEX,72,75,PART,53.16,54.31
MEX,73,75,CAND_0,10.44,11.28
MEX,73,75,CAND_1,33.17,34.63
MEX,73,75,CAND_2,17.31,18.5
MEX,73,75,CAND_3,1.02,1.24
MEX,73,75,CAND_4,30.44,31.68
MEX,73,75,CAND_5,2.03,2.21
MEX,73,75,OTROS,2.9,3.13
MEX,73,75,PART,53.34,54.5
MEX,74,75,CAND_0,10.68,11.55
MEX,74,75,CAND_1,32.44,33.79
MEX,74,75,CAND_2,17.69,18.78
MEX,74,75,CAND_3,0.99,1.13
MEX,74,75,CAND_4,30.76,31.95
MEX,74,75,CAND_5,2.06,2.24
MEX,74,75,OTROS,2.85,3.09
MEX,74,75,PART,52.57,53.65
MEX,75,75,CAND_0,11.03,11.96
MEX,75,75,CAND_1,32.82,34.4
MEX,75,75,CAND_2,17.31,18.31
MEX,75,75,CAND_3,1.06,1.21
MEX,75,75,CAND_4,30.1,31.41
MEX,75,75,CAND_5,2.05,2.24
MEX,75,75,OTROS,2.93,3.17
MEX,75,75,PART,52.4,53.59
MEX,76,75,CAND_0,10.64,11.53
MEX,76,75,CAND_1,32.81,34.38
MEX,76,75,CAND_2,17.55,18.64
MEX,76,75,CAND_3,0.92,1.06
MEX,76,75,CAND_4,30.25,31.59
MEX,76,75,CAND_5,2.12,2.38
MEX,76,75,OTROS,2.94,3.17
MEX,76,75,PART,53.25,54.42
MEX,77,75,CAND_0,11.18,12.32
MEX,77,75,CAND_1,32.45,33.9
MEX,77,75,CAND_2,17.41,18.44
MEX,77,75,CAND_3,1,1.18
MEX,77,75,CAND_4,30.29,31.62
MEX,77,75,CAND_5,2.04,2.21
MEX,77,75,OTROS,2.87,3.09
MEX,77,75,PART,52.67,53.8
MEX,78,75,CAND_0,10.91,11.87
MEX,78,75,CAND_1,32.57,34.03
MEX,78,75,CAND_2,17.27,18.38
MEX,78,75,CAND_3,1.04,1.25
MEX,78,75,CAND_4,30.56,31.79
MEX,78,75,CAND_5,2.09,2.27
MEX,78,75,OTROS,2.87,3.1
MEX,78,75,PART,53.12,54.19
MEX,79,75,CAND_0,10.79,11.75
MEX,79,75,CAND_1,33.39,34.83
MEX,79,75,CAND_2,17.18,18.2
MEX,79,75,CAND_3,1.06,1.22
MEX,79,75,CAND_4,29.94,31.21
MEX,79,75,CAND_5,2.06,2.24
MEX,79,75,OTROS,2.95,3.18
MEX,79,75,PART,52.5,53.59
MEX,80,75,CAND_0,10.85,11.71
MEX,80,75,CAND_1,33.49,34.88
MEX,80,75,CAND_2,17.08,18.19
MEX,80,75,CAND_3,0.96,1.1
MEX,80,75,CAND_4,30.13,31.45
MEX,80,75,CAND_5,2.02,2.2
MEX,80,75,OTROS,2.86,3.09
MEX,80,75,PART,52.82,53.91
MEX,81,75,CAND_0,10.43,11.34
MEX,81,75,CAND_1,32.86,34.33
MEX,81,75,CAND_2,17.74,18.85
MEX,81,75,CAND_3,1.02,1.19
MEX,81,75,CAND_4,30.2,31.53
MEX,81,75,CAND_5,2.1,2.39
MEX,81,75,OTROS,2.89,3.14
MEX,81,75,PART,53.12,54.2
MEX,82,75,CAND_0,11.08,11.96
MEX,82,75,CAND_1,32.73,34.06
MEX,82,75,CAND_2,17.7,18.78
MEX,82,75,CAND_3,1.04,1.28
MEX,82,75,CAND_4,29.97,31.16
MEX,82,75,CAND_5,2.04,2.22
MEX,82,75,OTROS,2.88,3.11
MEX,82,75,PART,53.5,54.59
MEX,83,75,CAND_0,11.1,12.03
MEX,83,75,CAND_1,32.18,33.56
MEX,83,75,CAND_2,17.44,18.47
MEX,83,75,CAND_3,1.03,1.19
MEX,83,75,CAND_4,30.79,32.08
MEX,83,75,CAND_5,2.08,2.28
MEX,83,75,OTROS,2.77,3
MEX,83,75,PART,52.12,53.28
MEX,84,75,CAND_0,11.37,12.42
MEX,84,75,CAND_1,32.4,33.94
MEX,84,75,CAND_2,17.7,18.81
MEX,84,75,CAND_3,1.02,1.16
MEX,84,75,CAND_4,29.73,31.06
MEX,84,75,CAND_5,2.07,2.24
MEX,84,75,OTROS,2.92,3.16
MEX,84,75,PART,52.9,54
MEX,85,75,CAND_0,10.71,11.63
MEX,85,75,CAND_1,32.84,34.51
MEX,85,75,CAND_2,17.26,18.41
MEX,85,75,CAND_3,1.04,1.26
MEX,85,75,CAND_4,30.31,31.67
MEX,85,75,CAND_5,2.09,2.34
MEX,85,75,OTROS,2.84,3.08
MEX,85,75,PART,52.73,53.86
MEX,86,75,CAND_0,10.7,11.62
MEX,86,75,CAND_1,33.09,34.54
MEX,86,75,CAND_2,17.67,18.65
MEX,86,75,CAND_3,0.98,1.12
MEX,86,75,CAND_4,30.09,31.44
MEX,86,75,CAND_5,2.04,2.23
MEX,86,75,OTROS,2.8,3.04
MEX,86,75,PART,52.45,53.58
MEX,87,75,CAND_0,10.61,11.46
MEX,87,75,CAND_1,32.79,34.32
MEX,87,75,CAND_2,17.24,18.37
MEX,87,75,CAND_3,1,1.15
MEX,87,75,CAND_4,30.71,32.01
MEX,87,75,CAND_5,2.02,2.21
MEX,87,75,OTROS,2.94,3.18
MEX,87,75,PART,52.84,53.97
MEX,88,75,CAND_0,10.73,11.63
MEX,88,75,CAND_1,33.09,34.56
MEX,88,75,CAND_2,17.33,18.47
MEX,88,75,CAND_3,0.96,1.1
MEX,88,75,CAND_4,30.28,31.56
MEX,88,75,CAND_5,2.13,2.31
MEX,88,75,OTROS,2.8,3.04
MEX,88,75,PART,52.53,53.74
MEX,89,75,CAND_0,10.84,11.77
MEX,89,75,CAND_1,33.2,34.6
MEX,89,75,CAND_2,17.21,18.27
MEX,89,75,CAND_3,1.03,1.28
MEX,89,75,CAND_4,30.16,31.49
MEX,89,75,CAND_5,2.05,2.24
MEX,89,75,OTROS,2.81,3.06
MEX,89,75,PART,52.78,53.92
MEX,90,75,CAND_0,10.63,11.54
MEX,90,75,CAND_1,33.2,34.7
MEX,90,75,CAND_2,17.74,18.88
MEX,90,75,CAND_3,1.02,1.15
MEX,90,75,CAND_4,29.87,31.18
MEX,90,75,CAND_5,2.03,2.2
MEX,90,75,OTROS,2.81,3.04
MEX,90,75,PART,52.93,54.06
MEX,91,75,CAND_0,10.91,11.9
MEX,91,75,CAND_1,32.59,34.01
MEX,91,75,CAND_2,17.51,18.51
MEX,91,75,CAND_3,1.02,1.18
MEX,91,75,CAND_4,30.53,31.82
MEX,91,75,CAND_5,2.05,2.22
MEX,91,75,OTROS,2.76,2.99
MEX,91,75,PART,52.06,53.32
MEX,92,75,CAND_0,10.96,11.83
MEX,92,75,CAND_1,32.36,33.72
MEX,92,75,CAND_2,17.06,18.07
MEX,92,75,CAND_3,1.04,1.22
MEX,92,75,CAND_4,31.1,32.33
MEX,92,75,CAND_5,2.1,2.28
MEX,92,75,OTROS,2.86,3.07
MEX,92,75,PART,53.42,54.47
MEX,93,75,CAND_0,10.87,11.64
MEX,93,75,CAND_1,32.48,34.02
MEX,93,75,CAND_2,17.33,18.42
MEX,93,75,CAND_3,1.02,1.15
MEX,93,75,CAND_4,30.69,32.05
MEX,93,75,CAND_5,2.21,2.39
MEX,93,75,OTROS,2.75,2.96
MEX,93,75,PART,52.96,53.99
MEX,94,75,CAND_0,10.89,11.84
MEX,94,75,CAND_1,32.44,34.08
MEX,94,75,CAND_2,17.32,18.47
MEX,94,75,CAND_3,1.01,1.16
MEX,94,75,CAND_4,30.47,31.82
MEX,94,75,CAND_5,2.09,2.28
MEX,94,75,OTROS,2.95,3.2
MEX,94,75,PART,52.62,53.8
MEX,95,75,CAND_0,11.37,12.35
MEX,95,75,CAND_1,32.76,34.19
MEX,95,75,CAND_2,17.27,18.41
MEX,95,75,CAND_3,1.02,1.19
MEX,95,75,CAND_4,29.83,31.16
MEX,95,75,CAND_5,2.04,2.22
MEX,95,75,OTROS,2.96,3.21
MEX,95,75,PART,53.03,54.22
MEX,96,75,CAND_0,10.62,11.66
MEX,96,75,CAND_1,33,34.45
MEX,96,75,CAND_2,17.29,18.52
MEX,96,75,CAND_3,0.97,1.11
MEX,96,75,CAND_4,30.23,31.55
MEX,96,75,CAND_5,2.12,2.31
MEX,96,75,OTROS,2.97,3.2
MEX,96,75,PART,52.86,53.94
MEX,97,75,CAND_0,10.87,11.93
MEX,97,75,CAND_1,32.5,33.88
MEX,97,75,CAND_2,17.16,18.19
MEX,97,75,CAND_3,1.06,1.23
MEX,97,75,CAND_4,30.76,32.03
MEX,97,75,CAND_5,2.07,2.24
MEX,97,75,OTROS,2.92,3.15
MEX,97,75,PART,52.68,53.75
MEX,98,75,CAND_0,11.07,12.01
MEX,98,75,CAND_1,32.64,34.1
MEX,98,75,CAND_2,16.97,18.07
MEX,98,75,CAND_3,0.99,1.14
MEX,98,75,CAND_4,30.64,32.03
MEX,98,75,CAND_5,2.1,2.3
MEX,98,75,OTROS,2.86,3.1
MEX,98,75,PART,52.39,53.53
MEX,99,75,CAND_0,10.7,11.53
MEX,99,75,CAND_1,32.72,34.17
MEX,99,75,CAND_2,17.54,18.61
MEX,99,75,CAND_3,1.01,1.16
MEX,99,75,CAND_4,30.46,31.73
MEX,99,75,CAND_5,2.09,2.29
MEX,99,75,OTROS,2.88,3.12
MEX,99,75,PART,52.43,53.65
MEX,100,75,CAND_0,10.93,11.88
MEX,100,75,CAND_1,32.62,33.97
MEX,100,75,CAND_2,17.53,18.68
MEX,100,75,CAND_3,1,1.16
MEX,100,75,CAND_4,30.36,31.66
MEX,100,75,CAND_5,2.03,2.22
MEX,100,75,OTROS,2.86,3.08
MEX,100,75,PART,52.98,54.1
MEX,1,90,CAND_0,10.78,11.54
MEX,1,90,CAND_1,32.59,33.87
MEX,1,90,CAND_2,17.81,18.82
MEX,1,90,CAND_3,1.05,1.18
MEX,1,90,CAND_4,30.48,31.63
MEX,1,90,CAND_5,2.09,2.26
MEX,1,90,OTROS,2.85,3.06
MEX,1,90,PART,52.87,53.91
MEX,2,90,CAND_0,10.78,11.6
MEX,2,90,CAND_1,33.13,34.41
MEX,2,90,CAND_2,17.43,18.46
MEX,2,90,CAND_3,1.01,1.14
MEX,2,90,CAND_4,30.4,31.47
MEX,2,90,CAND_5,2.1,2.27
MEX,2,90,OTROS,2.79,2.99
MEX,2,90,PART,53.24,54.29
MEX,3,90,CAND_0,10.79,11.63
MEX,3,90,CAND_1,32.67,34.07
MEX,3,90,CAND_2,18.07,19.17
MEX,3,90,CAND_3,1.04,1.18
MEX,3,90,CAND_4,30.02,31.23
MEX,3,90,CAND_5,2.07,2.24
MEX,3,90,OTROS,2.81,3.03
MEX,3,90,PART,53.25,54.28
MEX,4,90,CAND_0,11.3,12.24
MEX,4,90,CAND_1,33.3,34.64
MEX,4,90,CAND_2,17.24,18.21
MEX,4,90,CAND_3,1.03,1.16
MEX,4,90,CAND_4,29.71,30.89
MEX,4,90,CAND_5,2.09,2.25
MEX,4,90,OTROS,2.86,3.08
MEX,4,90,PART,52.95,53.95
MEX,5,90,CAND_0,11.03,11.93
MEX,5,90,CAND_1,33.06,34.49
MEX,5,90,CAND_2,17.58,18.63
MEX,5,90,CAND_3,1.05,1.22
MEX,5,90,CAND_4,29.8,31.03
MEX,5,90,CAND_5,2.02,2.18
MEX,5,90,OTROS,2.88,3.07
MEX,5,90,PART,52.87,53.95
MEX,6,90,CAND_0,10.76,11.62
MEX,6,90,CAND_1,32.69,33.95
MEX,6,90,CAND_2,17.78,18.83
MEX,6,90,CAND_3,0.97,1.11
MEX,6,90,CAND_4,30.3,31.55
MEX,6,90,CAND_5,2.07,2.24
MEX,6,90,OTROS,2.94,3.18
MEX,6,90,PART,53.04,54.11
MEX,7,90,CAND_0,10.78,11.62
MEX,7,90,CAND_1,33.28,34.6
MEX,7,90,CAND_2,17.44,18.53
MEX,7,90,CAND_3,1,1.15
MEX,7,90,CAND_4,30.13,31.31
MEX,7,90,CAND_5,2.05,2.22
MEX,7,90,OTROS,2.83,3.05
MEX,7,90,PART,52.71,53.73
MEX,8,90,CAND_0,11.22,12.11
MEX,8,90,CAND_1,32.85,34.15
MEX,8,90,CAND_2,17.22,18.17
MEX,8,90,CAND_3,1.03,1.17
MEX,8,90,CAND_4,30.3,31.4
MEX,8,90,CAND_5,2.11,2.27
MEX,8,90,OTROS,2.9,3.11
MEX,8,90,PART,52.89,53.87
MEX,9,90,CAND_0,11.12,12
MEX,9,90,CAND_1,33.42,34.82
MEX,9,90,CAND_2,17.24,18.16
MEX,9,90,CAND_3,1,1.14
MEX,9,90,CAND_4,29.81,30.94
MEX,9,90,CAND_5,2.03,2.2
MEX,9,90,OTROS,2.96,3.17
MEX,9,90,PART,53.09,54.16
MEX,10,90,CAND_0,11.24,12.16
MEX,10,90,CAND_1,32.85,34.2
MEX,10,90,CAND_2,17.61,18.62
MEX,10,90,CAND_3,0.98,1.11
MEX,10,90,CAND_4,29.94,31.13
MEX,10,90,CAND_5,2.06,2.23
MEX,10,90,OTROS,2.83,3.04
MEX,10,90,PART,53.27,54.3
MEX,11,90,CAND_0,10.89,11.69
MEX,11,90,CAND_1,32.87,34.23
MEX,11,90,CAND_2,17.54,18.51
MEX,11,90,CAND_3,1.02,1.18
MEX,11,90,CAND_4,30.54,31.71
MEX,11,90,CAND_5,1.99,2.15
MEX,11,90,OTROS,2.74,2.94
MEX,11,90,PART,53.13,54.14
MEX,12,90,CAND_0,10.65,11.52
MEX,12,90,CAND_1,33.65,34.97
MEX,12,90,CAND_2,17.59,18.61
MEX,12,90,CAND_3,1.04,1.19
MEX,12,90,CAND_4,29.62,30.81
MEX,12,90,CAND_5,2.1,2.27
MEX,12,90,OTROS,2.89,3.1
MEX,12,90,PART,52.84,53.85
MEX,13,90,CAND_0,10.91,11.75
MEX,13,90,CAND_1,32.92,34.21
MEX,13,90,CAND_2,17.46,18.54
MEX,13,90,CAND_3,1.04,1.17
MEX,13,90,CAND_4,30.16,31.37
MEX,13,90,CAND_5,2.1,2.28
MEX,13,90,OTROS,2.92,3.14
MEX,13,90,PART,52.94,53.95
MEX,14,90,CAND_0,10.68,11.51
MEX,14,90,CAND_1,33.32,34.64
MEX,14,90,CAND_2,17.62,18.63
MEX,14,90,CAND_3,1.01,1.19
MEX,14,90,CAND_4,30.04,31.22
MEX,14,90,CAND_5,2.05,2.21
MEX,14,90,OTROS,2.85,3.05
MEX,14,90,PART,53.11,54.1
MEX,15,90,CAND_0,10.74,11.56
MEX,15,90,CAND_1,32.5,33.81
MEX,15,90,CAND_2,17.54,18.46
MEX,15,90,CAND_3,1.05,1.17
MEX,15,90,CAND_4,30.79,31.94
MEX,15,90,CAND_5,2.12,2.28
MEX,15,90,OTROS,2.93,3.12
MEX,15,90,PART,52.73,53.81
MEX,16,90,CAND_0,10.83,11.66
MEX,16,90,CAND_1,32.73,34.13
MEX,16,90,CAND_2,17.24,18.23
MEX,16,90,CAND_3,1.02,1.15
MEX,16,90,CAND_4,30.8,31.94
MEX,16,90,CAND_5,2.07,2.24
MEX,16,90,OTROS,2.85,3.1
MEX,16,90,PART,52.7,53.7
MEX,17,90,CAND_0,10.77,11.54
MEX,17,90,CAND_1,33.36,34.65
MEX,17,90,CAND_2,17.36,18.32
MEX,17,90,CAND_3,1.07,1.21
MEX,17,90,CAND_4,30.19,31.32
MEX,17,90,CAND_5,2.05,2.22
MEX,17,90,OTROS,2.88,3.08
MEX,17,90,PART,52.79,53.82
MEX,18,90,CAND_0,10.86,11.67
MEX,18,90,CAND_1,33.38,34.81
MEX,18,90,CAND_2,17.59,18.64
MEX,18,90,CAND_3,1.02,1.15
MEX,18,90,CAND_4,29.79,30.96
MEX,18,90,CAND_5,2.03,2.19
MEX,18,90,OTROS,2.85,3.06
MEX,18,90,PART,53.1,54.08
MEX,19,90,CAND_0,11.29,12.2
MEX,19,90,CAND_1,33.11,34.49
MEX,19,90,CAND_2,17.36,18.32
MEX,19,90,CAND_3,0.94,1.06
MEX,19,90,CAND_4,29.82,30.99
MEX,19,90,CAND_5,2.09,2.33
MEX,19,90,OTROS,2.89,3.11
MEX,19,90,PART,52.85,53.9
MEX,20,90,CAND_0,10.7,11.51
MEX,20,90,CAND_1,33.17,34.51
MEX,20,90,CAND_2,17.54,18.6
MEX,20,90,CAND_3,1,1.13
MEX,20,90,CAND_4,30.19,31.42
MEX,20,90,CAND_5,2.03,2.19
MEX,20,90,OTROS,2.9,3.11
MEX,20,90,PART,52.26,53.25
MEX,21,90,CAND_0,10.9,11.75
MEX,21,90,CAND_1,32.95,34.28
MEX,21,90,CAND_2,17.48,18.49
MEX,21,90,CAND_3,1.02,1.22
MEX,21,90,CAND_4,30.19,31.38
MEX,21,90,CAND_5,2.07,2.24
MEX,21,90,OTROS,2.91,3.12
MEX,21,90,PART,53.07,54.11
MEX,22,90,CAND_0,10.96,11.87
MEX,22,90,CAND_1,32.89,34.28
MEX,22,90,CAND_2,17.77,18.74
MEX,22,90,CAND_3,1,1.13
MEX,22,90,CAND_4,29.93,31.14
MEX,22,90,CAND_5,2.08,2.26
MEX,22,90,OTROS,2.88,3.08
MEX,22,90,PART,52.76,53.75
MEX,23,90,CAND_0,11.37,12.23
MEX,23,90,CAND_1,32.68,34.02
MEX,23,90,CAND_2,17.27,18.23
MEX,23,90,CAND_3,0.98,1.11
MEX,23,90,CAND_4,30.29,31.48
MEX,23,90,CAND_5,2.17,2.33
MEX,23,90,OTROS,2.82,3.02
MEX,23,90,PART,53.38,54.39
MEX,24,90,CAND_0,10.78,11.57
MEX,24,90,CAND_1,32.89,34.27
MEX,24,90,CAND_2,17.83,18.77
MEX,24,90,CAND_3,0.99,1.11
MEX,24,90,CAND_4,30.23,31.38
MEX,24,90,CAND_5,2.04,2.21
MEX,24,90,OTROS,2.87,3.08
MEX,24,90,PART,52.85,53.82
MEX,25,90,CAND_0,11.09,11.99
MEX,25,90,CAND_1,33.07,34.42
MEX,25,90,CAND_2,17.64,18.58
MEX,25,90,CAND_3,0.96,1.09
MEX,25,90,CAND_4,29.73,30.92
MEX,25,90,CAND_5,2.08,2.23
MEX,25,90,OTROS,3,3.21
MEX,25,90,PART,52.87,53.92
MEX,26,90,CAND_0,11.01,11.85
MEX,26,90,CAND_1,32.97,34.34
MEX,26,90,CAND_2,17.47,18.51
MEX,26,90,CAND_3,1.03,1.18
MEX,26,90,CAND_4,30.08,31.28
MEX,26,90,CAND_5,2.12,2.28
MEX,26,90,OTROS,2.83,3.05
MEX,26,90,PART,52.98,54
MEX,27,90,CAND_0,10.91,11.8
MEX,27,90,CAND_1,33.28,34.62
MEX,27,90,CAND_2,17.8,18.78
MEX,27,90,CAND_3,1.06,1.19
MEX,27,90,CAND_4,29.5,30.66
MEX,27,90,CAND_5,2.09,2.26
MEX,27,90,OTROS,2.92,3.13
MEX,27,90,PART,52.88,53.92
MEX,28,90,CAND_0,10.78,11.63
MEX,28,90,CAND_1,33.54,34.92
MEX,28,90,CAND_2,17.16,18.11
MEX,28,90,CAND_3,1.02,1.13
MEX,28,90,CAND_4,30.03,31.18
MEX,28,90,CAND_5,2.14,2.31
MEX,28,90,OTROS,2.93,3.14
MEX,28,90,PART,52.94,53.93
MEX,29,90,CAND_0,10.74,11.53
MEX,29,90,CAND_1,32.71,33.99
MEX,29,90,CAND_2,17.67,18.72
MEX,29,90,CAND_3,0.99,1.12
MEX,29,90,CAND_4,30.55,31.73
MEX,29,90,CAND_5,2.05,2.22
MEX,29,90,OTROS,2.88,3.09
MEX,29,90,PART,52.45,53.42
MEX,30,90,CAND_0,10.83,11.63
MEX,30,90,CAND_1,32.8,34.07
MEX,30,90,CAND_2,17.97,19
MEX,30,90,CAND_3,0.95,1.08
MEX,30,90,CAND_4,30.09,31.22
MEX,30,90,CAND_5,2.05,2.22
MEX,30,90,OTROS,2.95,3.14
MEX,30,90,PART,52.86,53.85
MEX,31,90,CAND_0,11.24,12.08
MEX,31,90,CAND_1,32.56,33.8
MEX,31,90,CAND_2,17.38,18.32
MEX,31,90,CAND_3,0.98,1.11
MEX,31,90,CAND_4,30.62,31.75
MEX,31,90,CAND_5,2.08,2.24
MEX,31,90,OTROS,2.82,3.01
MEX,31,90,PART,52.72,53.77
MEX,32,90,CAND_0,11.15,12
MEX,32,90,CAND_1,32.61,33.91
MEX,32,90,CAND_2,17.86,18.92
MEX,32,90,CAND_3,1.07,1.26
MEX,32,90,CAND_4,29.89,31.1
MEX,32,90,CAND_5,2.03,2.19
MEX,32,90,OTROS,2.9,3.11
MEX,32,90,PART,52.9,53.96
MEX,33,90,CAND_0,10.92,11.9
MEX,33,90,CAND_1,32.31,33.61
MEX,33,90,CAND_2,17.94,18.89
MEX,33,90,CAND_3,0.94,1.05
MEX,33,90,CAND_4,30.49,31.66
MEX,33,90,CAND_5,2.05,2.22
MEX,33,90,OTROS,2.91,3.12
MEX,33,90,PART,53.08,54.11
MEX,34,90,CAND_0,11.1,11.96
MEX,34,90,CAND_1,32.74,33.95
MEX,34,90,CAND_2,17.51,18.44
MEX,34,90,CAND_3,1.02,1.17
MEX,34,90,CAND_4,30.38,31.47
MEX,34,90,CAND_5,2.06,2.22
MEX,34,90,OTROS,2.87,3.1
MEX,34,90,PART,53.01,54.03
MEX,35,90,CAND_0,10.85,11.67
MEX,35,90,CAND_1,33.01,34.34
MEX,35,90,CAND_2,17.64,18.62
MEX,35,90,CAND_3,0.97,1.23
MEX,35,90,CAND_4,30.09,31.22
MEX,35,90,CAND_5,2.09,2.25
MEX,35,90,OTROS,2.92,3.12
MEX,35,90,PART,53.06,54.11
MEX,36,90,CAND_0,10.55,11.33
MEX,36,90,CAND_1,33.16,34.53
MEX,36,90,CAND_2,17.3,18.28
MEX,36,90,CAND_3,1.02,1.16
MEX,36,90,CAND_4,30.71,31.88
MEX,36,90,CAND_5,2.01,2.17
MEX,36,90,OTROS,2.85,3.06
MEX,36,90,PART,53.19,54.13
MEX,37,90,CAND_0,10.92,11.69
MEX,37,90,CAND_1,32.74,33.98
MEX,37,90,CAND_2,17.39,18.33
MEX,37,90,CAND_3,1.02,1.17
MEX,37,90,CAND_4,30.74,31.86
MEX,37,90,CAND_5,2.04,2.21
MEX,37,90,OTROS,2.85,3.05
MEX,37,90,PART,52.28,53.36
MEX,38,90,CAND_0,10.78,11.6
MEX,38,90,CAND_1,33.48,34.83
MEX,38,90,CAND_2,16.93,17.84
MEX,38,90,CAND_3,0.98,1.1
MEX,38,90,CAND_4,30.55,31.74
MEX,38,90,CAND_5,1.98,2.14
MEX,38,90,OTROS,2.92,3.12
MEX,38,90,PART,53.07,54.08
MEX,39,90,CAND_0,10.88,11.74
MEX,39,90,CAND_1,32.35,33.68
MEX,39,90,CAND_2,18.2,19.25
MEX,39,90,CAND_3,1.04,1.24
MEX,39,90,CAND_4,30.08,31.22
MEX,39,90,CAND_5,2.11,2.27
MEX,39,90,OTROS,2.86,3.07
MEX,39,90,PART,52.61,53.68
MEX,40,90,CAND_0,10.84,11.78
MEX,40,90,CAND_1,33.01,34.39
MEX,40,90,CAND_2,17.36,18.4
MEX,40,90,CAND_3,1.04,1.18
MEX,40,90,CAND_4,30.18,31.42
MEX,40,90,CAND_5,2.05,2.23
MEX,40,90,OTROS,2.96,3.16
MEX,40,90,PART,52.9,53.94
MEX,41,90,CAND_0,10.92,11.84
MEX,41,90,CAND_1,32.57,33.98
MEX,41,90,CAND_2,17.56,18.65
MEX,41,90,CAND_3,0.98,1.15
MEX,41,90,CAND_4,30.35,31.58
MEX,41,90,CAND_5,2.09,2.26
MEX,41,90,OTROS,2.92,3.14
MEX,41,90,PART,52.79,53.81
MEX,42,90,CAND_0,11,11.88
MEX,42,90,CAND_1,32.97,34.34
MEX,42,90,CAND_2,17.39,18.44
MEX,42,90,CAND_3,0.99,1.12
MEX,42,90,CAND_4,30.26,31.49
MEX,42,90,CAND_5,2.05,2.21
MEX,42,90,OTROS,2.81,3.04
MEX,42,90,PART,52.8,53.82
MEX,43,90,CAND_0,10.69,11.46
MEX,43,90,CAND_1,33.12,34.39
MEX,43,90,CAND_2,16.95,17.73
MEX,43,90,CAND_3,1.02,1.16
MEX,43,90,CAND_4,31.03,32.13
MEX,43,90,CAND_5,2.11,2.27
MEX,43,90,OTROS,2.87,3.07
MEX,43,90,PART,52.96,53.94
MEX,44,90,CAND_0,10.77,11.51
MEX,44,90,CAND_1,33.19,34.51
MEX,44,90,CAND_2,17.23,18.27
MEX,44,90,CAND_3,0.96,1.08
MEX,44,90,CAND_4,30.59,31.75
MEX,44,90,CAND_5,2.06,2.23
MEX,44,90,OTROS,2.82,3.02
MEX,44,90,PART,53,54.02
MEX,45,90,CAND_0,10.4,11.21
MEX,45,90,CAND_1,32.85,34.13
MEX,45,90,CAND_2,17.74,18.76
MEX,45,90,CAND_3,1.02,1.14
MEX,45,90,CAND_4,30.53,31.64
MEX,45,90,CAND_5,2.11,2.27
MEX,45,90,OTROS,2.98,3.2
MEX,45,90,PART,52.67,53.7
MEX,46,90,CAND_0,10.94,11.74
MEX,46,90,CAND_1,33.7,35.05
MEX,46,90,CAND_2,17.13,18.01
MEX,46,90,CAND_3,0.99,1.12
MEX,46,90,CAND_4,29.92,31.08
MEX,46,90,CAND_5,2.03,2.19
MEX,46,90,OTROS,2.94,3.15
MEX,46,90,PART,53.1,54.12
MEX,47,90,CAND_0,10.82,11.66
MEX,47,90,CAND_1,32.66,34.03
MEX,47,90,CAND_2,17.9,18.87
MEX,47,90,CAND_3,1.03,1.16
MEX,47,90,CAND_4,30.21,31.38
MEX,47,90,CAND_5,2.08,2.24
MEX,47,90,OTROS,2.88,3.09
MEX,47,90,PART,52.9,53.94
MEX,48,90,CAND_0,10.63,11.52
MEX,48,90,CAND_1,33.31,34.52
MEX,48,90,CAND_2,18.04,19.32
MEX,48,90,CAND_3,0.96,1.09
MEX,48,90,CAND_4,29.6,30.76
MEX,48,90,CAND_5,2.07,2.23
MEX,48,90,OTROS,2.87,3.08
MEX,48,90,PART,52.74,53.72
MEX,49,90,CAND_0,11.33,12.3
MEX,49,90,CAND_1,32.56,33.94
MEX,49,90,CAND_2,17.61,18.6
MEX,49,90,CAND_3,1.02,1.18
MEX,49,90,CAND_4,29.88,31.11
MEX,49,90,CAND_5,2.11,2.29
MEX,49,90,OTROS,2.92,3.15
MEX,49,90,PART,53.14,54.19
MEX,50,90,CAND_0,10.73,11.53
MEX,50,90,CAND_1,33.47,34.81
MEX,50,90,CAND_2,17.22,18.28
MEX,50,90,CAND_3,1.02,1.29
MEX,50,90,CAND_4,30.2,31.41
MEX,50,90,CAND_5,2.03,2.19
MEX,50,90,OTROS,2.81,3.02
MEX,50,90,PART,52.48,53.48
MEX,51,90,CAND_0,11.07,11.9
MEX,51,90,CAND_1,32.3,33.65
MEX,51,90,CAND_2,17.96,18.89
MEX,51,90,CAND_3,1.02,1.23
MEX,51,90,CAND_4,30.33,31.54
MEX,51,90,CAND_5,2.07,2.24
MEX,51,90,OTROS,2.78,3.01
MEX,51,90,PART,53.35,54.3
MEX,52,90,CAND_0,10.88,11.77
MEX,52,90,CAND_1,32.94,34.21
MEX,52,90,CAND_2,17.19,18.14
MEX,52,90,CAND_3,1.03,1.3
MEX,52,90,CAND_4,30.43,31.6
MEX,52,90,CAND_5,2.01,2.16
MEX,52,90,OTROS,3.07,3.28
MEX,52,90,PART,52.95,53.93
MEX,53,90,CAND_0,11.05,11.94
MEX,53,90,CAND_1,32.76,34.02
MEX,53,90,CAND_2,17.22,18.2
MEX,53,90,CAND_3,1.05,1.21
MEX,53,90,CAND_4,30.56,31.71
MEX,53,90,CAND_5,2.1,2.27
MEX,53,90,OTROS,2.85,3.05
MEX,53,90,PART,53.04,54.08
MEX,54,90,CAND_0,10.98,11.84
MEX,54,90,CAND_1,32.73,33.93
MEX,54,90,CAND_2,17.57,18.55
MEX,54,90,CAND_3,1.03,1.17
MEX,54,90,CAND_4,30.55,31.66
MEX,54,90,CAND_5,2.02,2.18
MEX,54,90,OTROS,2.79,3.01
MEX,54,90,PART,53.01,54.07
MEX,55,90,CAND_0,10.96,11.78
MEX,55,90,CAND_1,33.41,34.62
MEX,55,90,CAND_2,16.86,17.72
MEX,55,90,CAND_3,1.04,1.18
MEX,55,90,CAND_4,30.47,31.6
MEX,55,90,CAND_5,2.11,2.28
MEX,55,90,OTROS,2.87,3.08
MEX,55,90,PART,53.04,54.07
MEX,56,90,CAND_0,10.66,11.46
MEX,56,90,CAND_1,33.26,34.6
MEX,56,90,CAND_2,17.41,18.4
MEX,56,90,CAND_3,1.01,1.19
MEX,56,90,CAND_4,30.4,31.55
MEX,56,90,CAND_5,2.01,2.17
MEX,56,90,OTROS,2.84,3.05
MEX,56,90,PART,53.53,54.55
MEX,57,90,CAND_0,11.06,11.84
MEX,57,90,CAND_1,32.68,33.95
MEX,57,90,CAND_2,17.51,18.43
MEX,57,90,CAND_3,0.97,1.11
MEX,57,90,CAND_4,30.54,31.62
MEX,57,90,CAND_5,2.03,2.27
MEX,57,90,OTROS,2.9,3.1
MEX,57,90,PART,52.8,53.81
MEX,58,90,CAND_0,10.59,11.38
MEX,58,90,CAND_1,32.78,34.08
MEX,58,90,CAND_2,17.34,18.37
MEX,58,90,CAND_3,1,1.13
MEX,58,90,CAND_4,30.96,32.09
MEX,58,90,CAND_5,2.09,2.25
MEX,58,90,OTROS,2.87,3.08
MEX,58,90,PART,52.64,53.68
MEX,59,90,CAND_0,10.85,11.62
MEX,59,90,CAND_1,33.13,34.41
MEX,59,90,CAND_2,16.96,17.87
MEX,59,90,CAND_3,1.06,1.19
MEX,59,90,CAND_4,30.82,31.95
MEX,59,90,CAND_5,2.02,2.18
MEX,59,90,OTROS,2.88,3.07
MEX,59,90,PART,52.8,53.78
MEX,60,90,CAND_0,10.73,11.57
MEX,60,90,CAND_1,33.47,34.9
MEX,60,90,CAND_2,17.39,18.41
MEX,60,90,CAND_3,1,1.29
MEX,60,90,CAND_4,30.06,31.27
MEX,60,90,CAND_5,1.99,2.14
MEX,60,90,OTROS,2.78,2.99
MEX,60,90,PART,52.91,53.94
MEX,61,90,CAND_0,11.23,12.15
MEX,61,90,CAND_1,32.52,33.81
MEX,61,90,CAND_2,17.6,18.61
MEX,61,90,CAND_3,1.01,1.15
MEX,61,90,CAND_4,30.24,31.44
MEX,61,90,CAND_5,2.1,2.26
MEX,61,90,OTROS,2.84,3.04
MEX,61,90,PART,52.83,53.92
MEX,62,90,CAND_0,10.97,11.8
MEX,62,90,CAND_1,32.89,34.23
MEX,62,90,CAND_2,17.35,18.27
MEX,62,90,CAND_3,0.99,1.13
MEX,62,90,CAND_4,30.53,31.69
MEX,62,90,CAND_5,2.05,2.22
MEX,62,90,OTROS,2.84,3.05
MEX,62,90,PART,52.68,53.71
MEX,63,90,CAND_0,10.74,11.6
MEX,63,90,CAND_1,33.02,34.49
MEX,63,90,CAND_2,17.52,18.55
MEX,63,90,CAND_3,1.07,1.37
MEX,63,90,CAND_4,30.09,31.25
MEX,63,90,CAND_5,2.04,2.21
MEX,63,90,OTROS,2.91,3.15
MEX,63,90,PART,52.86,53.93
MEX,64,90,CAND_0,10.64,11.44
MEX,64,90,CAND_1,33.25,34.64
MEX,64,90,CAND_2,17.42,18.43
MEX,64,90,CAND_3,1.03,1.16
MEX,64,90,CAND_4,30.26,31.52
MEX,64,90,CAND_5,2.03,2.19
MEX,64,90,OTROS,2.9,3.09
MEX,64,90,PART,52.84,53.88
MEX,65,90,CAND_0,11.23,12.17
MEX,65,90,CAND_1,32.65,34
MEX,65,90,CAND_2,17.49,18.42
MEX,65,90,CAND_3,1.01,1.26
MEX,65,90,CAND_4,30.14,31.27
MEX,65,90,CAND_5,2.13,2.29
MEX,65,90,OTROS,2.86,3.08
MEX,65,90,PART,52.87,53.93
MEX,66,90,CAND_0,11.25,12.23
MEX,66,90,CAND_1,32.55,33.81
MEX,66,90,CAND_2,17.52,18.47
MEX,66,90,CAND_3,0.97,1.11
MEX,66,90,CAND_4,30.34,31.54
MEX,66,90,CAND_5,2.12,2.35
MEX,66,90,OTROS,2.77,2.97
MEX,66,90,PART,52.75,53.81
MEX,67,90,CAND_0,10.67,11.54
MEX,67,90,CAND_1,33.67,35.05
MEX,67,90,CAND_2,17.6,18.58
MEX,67,90,CAND_3,1,1.12
MEX,67,90,CAND_4,29.65,30.84
MEX,67,90,CAND_5,2.05,2.21
MEX,67,90,OTROS,2.9,3.12
MEX,67,90,PART,53.3,54.27
MEX,68,90,CAND_0,10.83,11.64
MEX,68,90,CAND_1,32.75,34.04
MEX,68,90,CAND_2,17.74,18.71
MEX,68,90,CAND_3,1.04,1.24
MEX,68,90,CAND_4,30.28,31.43
MEX,68,90,CAND_5,2.04,2.21
MEX,68,90,OTROS,2.92,3.12
MEX,68,90,PART,52.58,53.71
MEX,69,90,CAND_0,10.95,11.81
MEX,69,90,CAND_1,33.01,34.31
MEX,69,90,CAND_2,17.75,18.74
MEX,69,90,CAND_3,1.03,1.19
MEX,69,90,CAND_4,29.87,31.08
MEX,69,90,CAND_5,2.05,2.21
MEX,69,90,OTROS,2.91,3.1
MEX,69,90,PART,53.34,54.34
MEX,70,90,CAND_0,10.9,11.75
MEX,70,90,CAND_1,33.19,34.42
MEX,70,90,CAND_2,17.28,18.32
MEX,70,90,CAND_3,1.04,1.22
MEX,70,90,CAND_4,30.33,31.4
MEX,70,90,CAND_5,2.01,2.17
MEX,70,90,OTROS,2.88,3.08
MEX,70,90,PART,52.7,53.71
MEX,71,90,CAND_0,10.62,11.43
MEX,71,90,CAND_1,33.35,34.71
MEX,71,90,CAND_2,17.17,18.14
MEX,71,90,CAND_3,1.01,1.22
MEX,71,90,CAND_4,30.35,31.46
MEX,71,90,CAND_5,2.08,2.24
MEX,71,90,OTROS,3,3.21
MEX,71,90,PART,52.69,53.64
MEX,72,90,CAND_0,11.22,12.15
MEX,72,90,CAND_1,32.62,33.88
MEX,72,90,CAND_2,17.39,18.35
MEX,72,90,CAND_3,1,1.13
MEX,72,90,CAND_4,30.5,31.66
MEX,72,90,CAND_5,2.06,2.23
MEX,72,90,OTROS,2.81,3.01
MEX,72,90,PART,53.25,54.3
MEX,73,90,CAND_0,10.41,11.16
MEX,73,90,CAND_1,33.17,34.48
MEX,73,90,CAND_2,17.61,18.73
MEX,73,90,CAND_3,0.99,1.17
MEX,73,90,CAND_4,30.43,31.56
MEX,73,90,CAND_5,2.04,2.2
MEX,73,90,OTROS,2.91,3.12
MEX,73,90,PART,53.32,54.36
MEX,74,90,CAND_0,10.66,11.45
MEX,74,90,CAND_1,32.57,33.76
MEX,74,90,CAND_2,17.74,18.71
MEX,74,90,CAND_3,1.02,1.15
MEX,74,90,CAND_4,30.85,31.93
MEX,74,90,CAND_5,2.04,2.2
MEX,74,90,OTROS,2.85,3.06
MEX,74,90,PART,52.56,53.53
MEX,75,90,CAND_0,11.02,11.85
MEX,75,90,CAND_1,32.88,34.28
MEX,75,90,CAND_2,17.19,18.09
MEX,75,90,CAND_3,1.05,1.18
MEX,75,90,CAND_4,30.46,31.64
MEX,75,90,CAND_5,2.06,2.23
MEX,75,90,OTROS,2.93,3.14
MEX,75,90,PART,52.61,53.69
MEX,76,90,CAND_0,10.73,11.62
MEX,76,90,CAND_1,32.73,34.1
MEX,76,90,CAND_2,17.7,18.77
MEX,76,90,CAND_3,0.93,1.06
MEX,76,90,CAND_4,30.31,31.52
MEX,76,90,CAND_5,2.12,2.36
MEX,76,90,OTROS,2.92,3.13
MEX,76,90,PART,53.29,54.35
MEX,77,90,CAND_0,11.21,12.2
MEX,77,90,CAND_1,32.36,33.65
MEX,77,90,CAND_2,17.61,18.53
MEX,77,90,CAND_3,0.99,1.14
MEX,77,90,CAND_4,30.52,31.67
MEX,77,90,CAND_5,2.01,2.17
MEX,77,90,OTROS,2.87,3.07
MEX,77,90,PART,52.87,53.94
MEX,78,90,CAND_0,11.12,12.01
MEX,78,90,CAND_1,32.45,33.72
MEX,78,90,CAND_2,17.4,18.36
MEX,78,90,CAND_3,1.04,1.24
MEX,78,90,CAND_4,30.62,31.69
MEX,78,90,CAND_5,2.12,2.29
MEX,78,90,OTROS,2.87,3.08
MEX,78,90,PART,53.39,54.36
MEX,79,90,CAND_0,10.97,11.88
MEX,79,90,CAND_1,33.13,34.42
MEX,79,90,CAND_2,17.32,18.28
MEX,79,90,CAND_3,1.05,1.19
MEX,79,90,CAND_4,30.09,31.27
MEX,79,90,CAND_5,2.08,2.25
MEX,79,90,OTROS,2.93,3.14
MEX,79,90,PART,52.43,53.45
MEX,80,90,CAND_0,10.78,11.55
MEX,80,90,CAND_1,33.64,34.91
MEX,80,90,CAND_2,17.17,18.15
MEX,80,90,CAND_3,0.98,1.1
MEX,80,90,CAND_4,30.22,31.43
MEX,80,90,CAND_5,1.99,2.16
MEX,80,90,OTROS,2.86,3.06
MEX,80,90,PART,52.9,53.9
MEX,81,90,CAND_0,10.67,11.47
MEX,81,90,CAND_1,32.93,34.24
MEX,81,90,CAND_2,17.8,18.75
MEX,81,90,CAND_3,1.06,1.2
MEX,81,90,CAND_4,30.08,31.24
MEX,81,90,CAND_5,2.13,2.38
MEX,81,90,OTROS,2.91,3.13
MEX,81,90,PART,53.11,54.07
MEX,82,90,CAND_0,11.23,12.04
MEX,82,90,CAND_1,32.68,33.9
MEX,82,90,CAND_2,17.69,18.65
MEX,82,90,CAND_3,1.04,1.26
MEX,82,90,CAND_4,30.14,31.24
MEX,82,90,CAND_5,2.04,2.2
MEX,82,90,OTROS,2.85,3.05
MEX,82,90,PART,53.49,54.48
MEX,83,90,CAND_0,10.92,11.76
MEX,83,90,CAND_1,32.66,33.94
MEX,83,90,CAND_2,17.42,18.36
MEX,83,90,CAND_3,1.04,1.19
MEX,83,90,CAND_4,30.66,31.87
MEX,83,90,CAND_5,2.07,2.25
MEX,83,90,OTROS,2.82,3.03
MEX,83,90,PART,52.3,53.33
MEX,84,90,CAND_0,11.38,12.35
MEX,84,90,CAND_1,32.54,33.88
MEX,84,90,CAND_2,17.75,18.7
MEX,84,90,CAND_3,1.02,1.15
MEX,84,90,CAND_4,29.9,31.09
MEX,84,90,CAND_5,2.06,2.21
MEX,84,90,OTROS,2.89,3.09
MEX,84,90,PART,52.97,53.97
MEX,85,90,CAND_0,10.7,11.52
MEX,85,90,CAND_1,33.14,34.59
MEX,85,90,CAND_2,17.31,18.28
MEX,85,90,CAND_3,1.06,1.24
MEX,85,90,CAND_4,30.32,31.5
MEX,85,90,CAND_5,2.09,2.33
MEX,85,90,OTROS,2.85,3.07
MEX,85,90,PART,52.88,53.89
MEX,86,90,CAND_0,10.79,11.64
MEX,86,90,CAND_1,33.05,34.33
MEX,86,90,CAND_2,17.6,18.53
MEX,86,90,CAND_3,0.98,1.09
MEX,86,90,CAND_4,30.3,31.47
MEX,86,90,CAND_5,2.05,2.23
MEX,86,90,OTROS,2.86,3.08
MEX,86,90,PART,52.68,53.69
MEX,87,90,CAND_0,10.68,11.51
MEX,87,90,CAND_1,32.76,34.13
MEX,87,90,CAND_2,17.43,18.46
MEX,87,90,CAND_3,1.01,1.14
MEX,87,90,CAND_4,30.69,31.84
MEX,87,90,CAND_5,2.05,2.22
MEX,87,90,OTROS,2.94,3.14
MEX,87,90,PART,52.8,53.82
MEX,88,90,CAND_0,10.86,11.7
MEX,88,90,CAND_1,33.04,34.38
MEX,88,90,CAND_2,17.38,18.38
MEX,88,90,CAND_3,0.98,1.11
MEX,88,90,CAND_4,30.32,31.51
MEX,88,90,CAND_5,2.15,2.31
MEX,88,90,OTROS,2.84,3.06
MEX,88,90,PART,52.76,53.78
MEX,89,90,CAND_0,10.81,11.65
MEX,89,90,CAND_1,33.14,34.42
MEX,89,90,CAND_2,17.25,18.21
MEX,89,90,CAND_3,1.07,1.24
MEX,89,90,CAND_4,30.4,31.57
MEX,89,90,CAND_5,2.06,2.22
MEX,89,90,OTROS,2.87,3.1
MEX,89,90,PART,52.67,53.68
MEX,90,90,CAND_0,10.63,11.43
MEX,90,90,CAND_1,33.15,34.49
MEX,90,90,CAND_2,17.85,18.86
MEX,90,90,CAND_3,1.03,1.14
MEX,90,90,CAND_4,30.07,31.25
MEX,90,90,CAND_5,2.05,2.21
MEX,90,90,OTROS,2.81,3.02
MEX,90,90,PART,52.86,53.89
MEX,91,90,CAND_0,11.1,11.98
MEX,91,90,CAND_1,32.53,33.77
MEX,91,90,CAND_2,17.5,18.38
MEX,91,90,CAND_3,1.01,1.15
MEX,91,90,CAND_4,30.76,31.87
MEX,91,90,CAND_5,2.03,2.19
MEX,91,90,OTROS,2.77,2.97
MEX,91,90,PART,52.49,53.57
MEX,92,90,CAND_0,10.87,11.64
MEX,92,90,CAND_1,32.78,34.01
MEX,92,90,CAND_2,17.1,18.01
MEX,92,90,CAND_3,1.04,1.19
MEX,92,90,CAND_4,31,32.14
MEX,92,90,CAND_5,2.08,2.25
MEX,92,90,OTROS,2.85,3.05
MEX,92,90,PART,53.42,54.4
MEX,93,90,CAND_0,10.88,11.59
MEX,93,90,CAND_1,32.65,34.02
MEX,93,90,CAND_2,17.36,18.31
MEX,93,90,CAND_3,1.03,1.15
MEX,93,90,CAND_4,30.79,31.99
MEX,93,90,CAND_5,2.19,2.35
MEX,93,90,OTROS,2.75,2.95
MEX,93,90,PART,52.97,53.91
MEX,94,90,CAND_0,11.01,11.94
MEX,94,90,CAND_1,32.83,34.18
MEX,94,90,CAND_2,17.4,18.42
MEX,94,90,CAND_3,1.02,1.17
MEX,94,90,CAND_4,30.17,31.34
MEX,94,90,CAND_5,2.09,2.26
MEX,94,90,OTROS,2.98,3.19
MEX,94,90,PART,52.8,53.83
MEX,95,90,CAND_0,11.23,12.11
MEX,95,90,CAND_1,32.99,34.35
MEX,95,90,CAND_2,17.21,18.21
MEX,95,90,CAND_3,1.03,1.18
MEX,95,90,CAND_4,30.04,31.25
MEX,95,90,CAND_5,2.04,2.2
MEX,95,90,OTROS,2.97,3.19
MEX,95,90,PART,52.86,53.97
MEX,96,90,CAND_0,10.68,11.6
MEX,96,90,CAND_1,33.36,34.69
MEX,96,90,CAND_2,17.26,18.29
MEX,96,90,CAND_3,0.98,1.1
MEX,96,90,CAND_4,30.15,31.28
MEX,96,90,CAND_5,2.13,2.29
MEX,96,90,OTROS,2.98,3.19
MEX,96,90,PART,52.88,53.88
MEX,97,90,CAND_0,10.88,11.85
MEX,97,90,CAND_1,32.64,33.87
MEX,97,90,CAND_2,17.27,18.17
MEX,97,90,CAND_3,1.05,1.18
MEX,97,90,CAND_4,30.78,31.94
MEX,97,90,CAND_5,2.08,2.24
MEX,97,90,OTROS,2.93,3.13
MEX,97,90,PART,52.8,53.8
MEX,98,90,CAND_0,11.03,11.85
MEX,98,90,CAND_1,32.97,34.24
MEX,98,90,CAND_2,17.07,18.04
MEX,98,90,CAND_3,1.03,1.17
MEX,98,90,CAND_4,30.55,31.69
MEX,98,90,CAND_5,2.12,2.29
MEX,98,90,OTROS,2.87,3.09
MEX,98,90,PART,52.55,53.54
MEX,99,90,CAND_0,10.81,11.61
MEX,99,90,CAND_1,32.78,34.14
MEX,99,90,CAND_2,17.61,18.56
MEX,99,90,CAND_3,1.01,1.13
MEX,99,90,CAND_4,30.42,31.58
MEX,99,90,CAND_5,2.09,2.27
MEX,99,90,OTROS,2.89,3.11
MEX,99,90,PART,52.68,53.78
MEX,100,90,CAND_0,11.01,11.85
MEX,100,90,CAND_1,32.33,33.52
MEX,100,90,CAND_2,17.55,18.53
MEX,100,90,CAND_3,1.03,1.16
MEX,100,90,CAND_4,30.78,31.96
MEX,100,90,CAND_5,2.08,2.26
MEX,100,90,OTROS,2.86,3.06
MEX,100,90,PART,53.06,54.04
MEX,1,100,CAND_0,10.74,11.44
MEX,1,100,CAND_1,32.47,33.67
MEX,1,100,CAND_2,17.93,18.89
MEX,1,100,CAND_3,1.05,1.18
MEX,1,100,CAND_4,30.64,31.73
MEX,1,100,CAND_5,2.08,2.24
MEX,1,100,OTROS,2.88,3.07
MEX,1,100,PART,53.05,54.02
MEX,2,100,CAND_0,10.78,11.57
MEX,2,100,CAND_1,33.14,34.35
MEX,2,100,CAND_2,17.48,18.45
MEX,2,100,CAND_3,1.01,1.13
MEX,2,100,CAND_4,30.43,31.46
MEX,2,100,CAND_5,2.1,2.26
MEX,2,100,OTROS,2.82,3.01
MEX,2,100,PART,53.07,54.11
MEX,3,100,CAND_0,10.76,11.56
MEX,3,100,CAND_1,32.74,34.03
MEX,3,100,CAND_2,18.13,19.14
MEX,3,100,CAND_3,1.03,1.16
MEX,3,100,CAND_4,30.07,31.2
MEX,3,100,CAND_5,2.06,2.23
MEX,3,100,OTROS,2.84,3.05
MEX,3,100,PART,53.2,54.15
MEX,4,100,CAND_0,11.17,12.06
MEX,4,100,CAND_1,33.41,34.68
MEX,4,100,CAND_2,17.29,18.22
MEX,4,100,CAND_3,1.04,1.17
MEX,4,100,CAND_4,29.75,30.86
MEX,4,100,CAND_5,2.09,2.24
MEX,4,100,OTROS,2.9,3.11
MEX,4,100,PART,53.11,54.03
MEX,5,100,CAND_0,10.97,11.83
MEX,5,100,CAND_1,33.08,34.38
MEX,5,100,CAND_2,17.74,18.7
MEX,5,100,CAND_3,1.04,1.19
MEX,5,100,CAND_4,29.87,31.03
MEX,5,100,CAND_5,2.01,2.16
MEX,5,100,OTROS,2.9,3.1
MEX,5,100,PART,52.85,53.86
MEX,6,100,CAND_0,10.67,11.48
MEX,6,100,CAND_1,32.65,33.83
MEX,6,100,CAND_2,17.9,18.89
MEX,6,100,CAND_3,0.97,1.1
MEX,6,100,CAND_4,30.48,31.65
MEX,6,100,CAND_5,2.07,2.23
MEX,6,100,OTROS,2.93,3.15
MEX,6,100,PART,53.03,54.01
MEX,7,100,CAND_0,10.89,11.7
MEX,7,100,CAND_1,33.22,34.45
MEX,7,100,CAND_2,17.57,18.56
MEX,7,100,CAND_3,1.01,1.15
MEX,7,100,CAND_4,30.07,31.17
MEX,7,100,CAND_5,2.07,2.23
MEX,7,100,OTROS,2.86,3.06
MEX,7,100,PART,52.79,53.75
MEX,8,100,CAND_0,11.14,11.99
MEX,8,100,CAND_1,33.06,34.28
MEX,8,100,CAND_2,17.3,18.2
MEX,8,100,CAND_3,1.02,1.15
MEX,8,100,CAND_4,30.21,31.27
MEX,8,100,CAND_5,2.09,2.24
MEX,8,100,OTROS,2.93,3.13
MEX,8,100,PART,52.92,53.84
MEX,9,100,CAND_0,11.16,11.99
MEX,9,100,CAND_1,33.33,34.67
MEX,9,100,CAND_2,17.42,18.3
MEX,9,100,CAND_3,0.99,1.13
MEX,9,100,CAND_4,29.84,30.92
MEX,9,100,CAND_5,2.02,2.17
MEX,9,100,OTROS,2.93,3.13
MEX,9,100,PART,53.21,54.22
MEX,10,100,CAND_0,11.3,12.2
MEX,10,100,CAND_1,32.95,34.23
MEX,10,100,CAND_2,17.62,18.57
MEX,10,100,CAND_3,0.98,1.1
MEX,10,100,CAND_4,29.87,31
MEX,10,100,CAND_5,2.08,2.23
MEX,10,100,OTROS,2.84,3.04
MEX,10,100,PART,53.36,54.35
MEX,11,100,CAND_0,10.86,11.62
MEX,11,100,CAND_1,32.99,34.23
MEX,11,100,CAND_2,17.47,18.38
MEX,11,100,CAND_3,1.03,1.17
MEX,11,100,CAND_4,30.63,31.72
MEX,11,100,CAND_5,1.98,2.13
MEX,11,100,OTROS,2.79,2.98
MEX,11,100,PART,53.22,54.16
MEX,12,100,CAND_0,10.71,11.52
MEX,12,100,CAND_1,33.4,34.62
MEX,12,100,CAND_2,17.78,18.74
MEX,12,100,CAND_3,1.04,1.18
MEX,12,100,CAND_4,29.76,30.87
MEX,12,100,CAND_5,2.11,2.27
MEX,12,100,OTROS,2.89,3.1
MEX,12,100,PART,52.95,53.9
MEX,13,100,CAND_0,10.86,11.63
MEX,13,100,CAND_1,32.97,34.18
MEX,13,100,CAND_2,17.48,18.48
MEX,13,100,CAND_3,1.06,1.18
MEX,13,100,CAND_4,30.29,31.42
MEX,13,100,CAND_5,2.1,2.27
MEX,13,100,OTROS,2.94,3.14
MEX,13,100,PART,52.85,53.79
MEX,14,100,CAND_0,10.61,11.38
MEX,14,100,CAND_1,33.19,34.44
MEX,14,100,CAND_2,17.73,18.73
MEX,14,100,CAND_3,1.02,1.19
MEX,14,100,CAND_4,30.21,31.33
MEX,14,100,CAND_5,2.07,2.22
MEX,14,100,OTROS,2.85,3.04
MEX,14,100,PART,53.08,54.02
MEX,15,100,CAND_0,10.76,11.56
MEX,15,100,CAND_1,32.6,33.81
MEX,15,100,CAND_2,17.61,18.46
MEX,15,100,CAND_3,1.02,1.14
MEX,15,100,CAND_4,30.79,31.87
MEX,15,100,CAND_5,2.12,2.27
MEX,15,100,OTROS,2.9,3.09
MEX,15,100,PART,52.92,53.92
MEX,16,100,CAND_0,10.76,11.54
MEX,16,100,CAND_1,32.89,34.21
MEX,16,100,CAND_2,17.5,18.51
MEX,16,100,CAND_3,1.02,1.13
MEX,16,100,CAND_4,30.54,31.64
MEX,16,100,CAND_5,2.07,2.23
MEX,16,100,OTROS,2.87,3.09
MEX,16,100,PART,52.81,53.77
MEX,17,100,CAND_0,10.75,11.49
MEX,17,100,CAND_1,33.28,34.49
MEX,17,100,CAND_2,17.47,18.38
MEX,17,100,CAND_3,1.07,1.21
MEX,17,100,CAND_4,30.27,31.33
MEX,17,100,CAND_5,2.06,2.22
MEX,17,100,OTROS,2.9,3.09
MEX,17,100,PART,52.86,53.82
MEX,18,100,CAND_0,10.82,11.54
MEX,18,100,CAND_1,33.44,34.73
MEX,18,100,CAND_2,17.69,18.65
MEX,18,100,CAND_3,1.02,1.15
MEX,18,100,CAND_4,29.92,30.99
MEX,18,100,CAND_5,2,2.15
MEX,18,100,OTROS,2.84,3.04
MEX,18,100,PART,53.18,54.1
MEX,19,100,CAND_0,11.26,12.1
MEX,19,100,CAND_1,33.09,34.4
MEX,19,100,CAND_2,17.41,18.32
MEX,19,100,CAND_3,0.94,1.04
MEX,19,100,CAND_4,29.97,31.08
MEX,19,100,CAND_5,2.08,2.3
MEX,19,100,OTROS,2.91,3.11
MEX,19,100,PART,52.89,53.88
MEX,20,100,CAND_0,10.7,11.46
MEX,20,100,CAND_1,33.41,34.66
MEX,20,100,CAND_2,17.46,18.45
MEX,20,100,CAND_3,1.03,1.15
MEX,20,100,CAND_4,30.09,31.23
MEX,20,100,CAND_5,2.04,2.2
MEX,20,100,OTROS,2.96,3.15
MEX,20,100,PART,52.38,53.33
MEX,21,100,CAND_0,10.94,11.72
MEX,21,100,CAND_1,32.99,34.25
MEX,21,100,CAND_2,17.49,18.42
MEX,21,100,CAND_3,1.01,1.21
MEX,21,100,CAND_4,30.28,31.38
MEX,21,100,CAND_5,2.07,2.22
MEX,21,100,OTROS,2.9,3.1
MEX,21,100,PART,53.16,54.13
MEX,22,100,CAND_0,10.96,11.81
MEX,22,100,CAND_1,32.99,34.27
MEX,22,100,CAND_2,17.81,18.77
MEX,22,100,CAND_3,1.01,1.12
MEX,22,100,CAND_4,29.97,31.09
MEX,22,100,CAND_5,2.03,2.2
MEX,22,100,OTROS,2.89,3.09
MEX,22,100,PART,52.78,53.72
MEX,23,100,CAND_0,11.33,12.13
MEX,23,100,CAND_1,32.52,33.77
MEX,23,100,CAND_2,17.38,18.29
MEX,23,100,CAND_3,0.99,1.11
MEX,23,100,CAND_4,30.49,31.61
MEX,23,100,CAND_5,2.18,2.33
MEX,23,100,OTROS,2.83,3.02
MEX,23,100,PART,53.4,54.34
MEX,24,100,CAND_0,10.78,11.51
MEX,24,100,CAND_1,33.02,34.29
MEX,24,100,CAND_2,17.83,18.73
MEX,24,100,CAND_3,0.98,1.1
MEX,24,100,CAND_4,30.28,31.36
MEX,24,100,CAND_5,2.01,2.17
MEX,24,100,OTROS,2.87,3.06
MEX,24,100,PART,52.82,53.74
MEX,25,100,CAND_0,11.04,11.88
MEX,25,100,CAND_1,33.07,34.32
MEX,25,100,CAND_2,17.73,18.6
MEX,25,100,CAND_3,0.96,1.08
MEX,25,100,CAND_4,29.87,30.99
MEX,25,100,CAND_5,2.08,2.22
MEX,25,100,OTROS,2.98,3.18
MEX,25,100,PART,52.78,53.78
MEX,26,100,CAND_0,11.03,11.83
MEX,26,100,CAND_1,32.89,34.14
MEX,26,100,CAND_2,17.61,18.59
MEX,26,100,CAND_3,1.01,1.16
MEX,26,100,CAND_4,30.19,31.3
MEX,26,100,CAND_5,2.11,2.26
MEX,26,100,OTROS,2.83,3.03
MEX,26,100,PART,53.06,54.02
MEX,27,100,CAND_0,10.98,11.83
MEX,27,100,CAND_1,33.4,34.72
MEX,27,100,CAND_2,17.61,18.52
MEX,27,100,CAND_3,1.07,1.2
MEX,27,100,CAND_4,29.59,30.7
MEX,27,100,CAND_5,2.09,2.24
MEX,27,100,OTROS,2.92,3.13
MEX,27,100,PART,53.06,54.04
MEX,28,100,CAND_0,10.82,11.63
MEX,28,100,CAND_1,33.59,34.88
MEX,28,100,CAND_2,17.14,18.05
MEX,28,100,CAND_3,1.03,1.14
MEX,28,100,CAND_4,30.1,31.18
MEX,28,100,CAND_5,2.13,2.28
MEX,28,100,OTROS,2.91,3.12
MEX,28,100,PART,53.01,53.94
MEX,29,100,CAND_0,10.77,11.51
MEX,29,100,CAND_1,32.87,34.07
MEX,29,100,CAND_2,17.65,18.67
MEX,29,100,CAND_3,1,1.13
MEX,29,100,CAND_4,30.51,31.6
MEX,29,100,CAND_5,2.05,2.21
MEX,29,100,OTROS,2.89,3.09
MEX,29,100,PART,52.5,53.43
MEX,30,100,CAND_0,10.83,11.6
MEX,30,100,CAND_1,32.91,34.07
MEX,30,100,CAND_2,17.92,18.87
MEX,30,100,CAND_3,0.99,1.12
MEX,30,100,CAND_4,30.12,31.16
MEX,30,100,CAND_5,2.09,2.24
MEX,30,100,OTROS,2.95,3.13
MEX,30,100,PART,52.78,53.72
MEX,31,100,CAND_0,11.31,12.12
MEX,31,100,CAND_1,32.71,33.86
MEX,31,100,CAND_2,17.34,18.24
MEX,31,100,CAND_3,0.97,1.08
MEX,31,100,CAND_4,30.58,31.65
MEX,31,100,CAND_5,2.09,2.24
MEX,31,100,OTROS,2.81,3
MEX,31,100,PART,52.8,53.79
MEX,32,100,CAND_0,11.18,11.99
MEX,32,100,CAND_1,32.8,34.01
MEX,32,100,CAND_2,17.76,18.71
MEX,32,100,CAND_3,1.06,1.25
MEX,32,100,CAND_4,29.95,31.07
MEX,32,100,CAND_5,2.05,2.2
MEX,32,100,OTROS,2.9,3.09
MEX,32,100,PART,52.94,53.92
MEX,33,100,CAND_0,10.88,11.78
MEX,33,100,CAND_1,32.46,33.7
MEX,33,100,CAND_2,17.9,18.77
MEX,33,100,CAND_3,0.96,1.07
MEX,33,100,CAND_4,30.53,31.65
MEX,33,100,CAND_5,2.06,2.22
MEX,33,100,OTROS,2.91,3.11
MEX,33,100,PART,53.09,54.06
MEX,34,100,CAND_0,11.19,12.03
MEX,34,100,CAND_1,32.67,33.8
MEX,34,100,CAND_2,17.51,18.4
MEX,34,100,CAND_3,1.01,1.14
MEX,34,100,CAND_4,30.5,31.51
MEX,34,100,CAND_5,2.07,2.23
MEX,34,100,OTROS,2.87,3.07
MEX,34,100,PART,53.08,54.03
MEX,35,100,CAND_0,10.87,11.65
MEX,35,100,CAND_1,33.05,34.28
MEX,35,100,CAND_2,17.51,18.44
MEX,35,100,CAND_3,0.98,1.21
MEX,35,100,CAND_4,30.34,31.4
MEX,35,100,CAND_5,2.09,2.24
MEX,35,100,OTROS,2.88,3.07
MEX,35,100,PART,53.06,54.06
MEX,36,100,CAND_0,10.63,11.36
MEX,36,100,CAND_1,33.26,34.49
MEX,36,100,CAND_2,17.37,18.26
MEX,36,100,CAND_3,1.02,1.15
MEX,36,100,CAND_4,30.62,31.71
MEX,36,100,CAND_5,2.03,2.17
MEX,36,100,OTROS,2.87,3.07
MEX,36,100,PART,53.06,53.96
MEX,37,100,CAND_0,10.81,11.53
MEX,37,100,CAND_1,32.73,33.89
MEX,37,100,CAND_2,17.54,18.43
MEX,37,100,CAND_3,1.03,1.17
MEX,37,100,CAND_4,30.82,31.86
MEX,37,100,CAND_5,2.05,2.2
MEX,37,100,OTROS,2.86,3.05
MEX,37,100,PART,52.43,53.44
MEX,38,100,CAND_0,10.87,11.64
MEX,38,100,CAND_1,33.33,34.59
MEX,38,100,CAND_2,17.15,18.03
MEX,38,100,CAND_3,1.01,1.12
MEX,38,100,CAND_4,30.52,31.63
MEX,38,100,CAND_5,1.99,2.14
MEX,38,100,OTROS,2.9,3.09
MEX,38,100,PART,53.26,54.19
MEX,39,100,CAND_0,10.93,11.75
MEX,39,100,CAND_1,32.5,33.74
MEX,39,100,CAND_2,18.17,19.15
MEX,39,100,CAND_3,1.03,1.21
MEX,39,100,CAND_4,30.1,31.18
MEX,39,100,CAND_5,2.1,2.25
MEX,39,100,OTROS,2.86,3.06
MEX,39,100,PART,52.66,53.68
MEX,40,100,CAND_0,10.89,11.76
MEX,40,100,CAND_1,33.01,34.3
MEX,40,100,CAND_2,17.48,18.46
MEX,40,100,CAND_3,1.02,1.15
MEX,40,100,CAND_4,30.23,31.36
MEX,40,100,CAND_5,2.05,2.21
MEX,40,100,OTROS,2.95,3.14
MEX,40,100,PART,52.91,53.88
MEX,41,100,CAND_0,10.95,11.81
MEX,41,100,CAND_1,32.54,33.86
MEX,41,100,CAND_2,17.69,18.72
MEX,41,100,CAND_3,1,1.17
MEX,41,100,CAND_4,30.34,31.55
MEX,41,100,CAND_5,2.08,2.24
MEX,41,100,OTROS,2.92,3.13
MEX,41,100,PART,52.89,53.84
MEX,42,100,CAND_0,10.98,11.81
MEX,42,100,CAND_1,32.93,34.19
MEX,42,100,CAND_2,17.51,18.5
MEX,42,100,CAND_3,1.02,1.15
MEX,42,100,CAND_4,30.28,31.41
MEX,42,100,CAND_5,2.07,2.22
MEX,42,100,OTROS,2.85,3.07
MEX,42,100,PART,52.83,53.8
MEX,43,100,CAND_0,10.83,11.59
MEX,43,100,CAND_1,33.22,34.39
MEX,43,100,CAND_2,17.1,17.86
MEX,43,100,CAND_3,1.01,1.14
MEX,43,100,CAND_4,30.76,31.8
MEX,43,100,CAND_5,2.1,2.25
MEX,43,100,OTROS,2.88,3.06
MEX,43,100,PART,53.03,53.96
MEX,44,100,CAND_0,10.75,11.46
MEX,44,100,CAND_1,33.27,34.52
MEX,44,100,CAND_2,17.32,18.28
MEX,44,100,CAND_3,0.97,1.08
MEX,44,100,CAND_4,30.55,31.65
MEX,44,100,CAND_5,2.08,2.24
MEX,44,100,OTROS,2.83,3.02
MEX,44,100,PART,53.12,54.07
MEX,45,100,CAND_0,10.46,11.22
MEX,45,100,CAND_1,32.95,34.14
MEX,45,100,CAND_2,17.88,18.82
MEX,45,100,CAND_3,1.02,1.13
MEX,45,100,CAND_4,30.43,31.45
MEX,45,100,CAND_5,2.1,2.26
MEX,45,100,OTROS,2.97,3.18
MEX,45,100,PART,52.72,53.68
MEX,46,100,CAND_0,10.8,11.55
MEX,46,100,CAND_1,33.84,35.14
MEX,46,100,CAND_2,17.29,18.13
MEX,46,100,CAND_3,1,1.11
MEX,46,100,CAND_4,29.84,30.96
MEX,46,100,CAND_5,2.05,2.2
MEX,46,100,OTROS,2.95,3.14
MEX,46,100,PART,53.14,54.09
MEX,47,100,CAND_0,10.74,11.51
MEX,47,100,CAND_1,32.75,34.02
MEX,47,100,CAND_2,17.92,18.81
MEX,47,100,CAND_3,1.03,1.16
MEX,47,100,CAND_4,30.33,31.43
MEX,47,100,CAND_5,2.09,2.25
MEX,47,100,OTROS,2.89,3.08
MEX,47,100,PART,52.79,53.76
MEX,48,100,CAND_0,10.6,11.43
MEX,48,100,CAND_1,33.35,34.48
MEX,48,100,CAND_2,18.06,19.2
MEX,48,100,CAND_3,0.98,1.11
MEX,48,100,CAND_4,29.71,30.8
MEX,48,100,CAND_5,2.08,2.23
MEX,48,100,OTROS,2.88,3.08
MEX,48,100,PART,52.76,53.69
MEX,49,100,CAND_0,11.2,12.1
MEX,49,100,CAND_1,32.67,33.93
MEX,49,100,CAND_2,17.7,18.62
MEX,49,100,CAND_3,1.02,1.17
MEX,49,100,CAND_4,30.01,31.13
MEX,49,100,CAND_5,2.12,2.28
MEX,49,100,OTROS,2.92,3.13
MEX,49,100,PART,53.17,54.14
MEX,50,100,CAND_0,10.76,11.51
MEX,50,100,CAND_1,33.54,34.77
MEX,50,100,CAND_2,17.25,18.21
MEX,50,100,CAND_3,1.02,1.26
MEX,50,100,CAND_4,30.27,31.36
MEX,50,100,CAND_5,2.02,2.17
MEX,50,100,OTROS,2.84,3.03
MEX,50,100,PART,52.5,53.45
MEX,51,100,CAND_0,11.02,11.81
MEX,51,100,CAND_1,32.38,33.6
MEX,51,100,CAND_2,18.04,18.93
MEX,51,100,CAND_3,1,1.2
MEX,51,100,CAND_4,30.39,31.51
MEX,51,100,CAND_5,2.09,2.25
MEX,51,100,OTROS,2.79,3
MEX,51,100,PART,53.47,54.38
MEX,52,100,CAND_0,10.91,11.73
MEX,52,100,CAND_1,32.89,34.07
MEX,52,100,CAND_2,17.17,18.07
MEX,52,100,CAND_3,1.05,1.29
MEX,52,100,CAND_4,30.61,31.7
MEX,52,100,CAND_5,2.03,2.17
MEX,52,100,OTROS,3.06,3.26
MEX,52,100,PART,53.02,53.95
MEX,53,100,CAND_0,11.01,11.84
MEX,53,100,CAND_1,32.88,34.09
MEX,53,100,CAND_2,17.26,18.18
MEX,53,100,CAND_3,1.04,1.19
MEX,53,100,CAND_4,30.6,31.68
MEX,53,100,CAND_5,2.08,2.24
MEX,53,100,OTROS,2.85,3.04
MEX,53,100,PART,53.17,54.14
MEX,54,100,CAND_0,10.97,11.78
MEX,54,100,CAND_1,32.88,34.01
MEX,54,100,CAND_2,17.64,18.58
MEX,54,100,CAND_3,1.04,1.17
MEX,54,100,CAND_4,30.43,31.48
MEX,54,100,CAND_5,2.03,2.18
MEX,54,100,OTROS,2.8,3.01
MEX,54,100,PART,53.13,54.1
MEX,55,100,CAND_0,10.84,11.6
MEX,55,100,CAND_1,33.51,34.68
MEX,55,100,CAND_2,16.95,17.77
MEX,55,100,CAND_3,1.04,1.17
MEX,55,100,CAND_4,30.52,31.59
MEX,55,100,CAND_5,2.12,2.28
MEX,55,100,OTROS,2.86,3.06
MEX,55,100,PART,53.01,53.97
MEX,56,100,CAND_0,10.74,11.51
MEX,56,100,CAND_1,33.2,34.46
MEX,56,100,CAND_2,17.36,18.24
MEX,56,100,CAND_3,1.01,1.18
MEX,56,100,CAND_4,30.55,31.63
MEX,56,100,CAND_5,2.03,2.18
MEX,56,100,OTROS,2.86,3.05
MEX,56,100,PART,53.53,54.49
MEX,57,100,CAND_0,11.01,11.75
MEX,57,100,CAND_1,33.02,34.2
MEX,57,100,CAND_2,17.47,18.37
MEX,57,100,CAND_3,0.98,1.11
MEX,57,100,CAND_4,30.4,31.42
MEX,57,100,CAND_5,2.02,2.24
MEX,57,100,OTROS,2.91,3.1
MEX,57,100,PART,52.89,53.83
MEX,58,100,CAND_0,10.55,11.31
MEX,58,100,CAND_1,32.8,34.02
MEX,58,100,CAND_2,17.55,18.54
MEX,58,100,CAND_3,1.02,1.15
MEX,58,100,CAND_4,30.87,31.99
MEX,58,100,CAND_5,2.08,2.23
MEX,58,100,OTROS,2.85,3.04
MEX,58,100,PART,52.71,53.69
MEX,59,100,CAND_0,10.8,11.54
MEX,59,100,CAND_1,33.19,34.41
MEX,59,100,CAND_2,17.14,18.06
MEX,59,100,CAND_3,1.06,1.18
MEX,59,100,CAND_4,30.71,31.77
MEX,59,100,CAND_5,2.04,2.19
MEX,59,100,OTROS,2.86,3.05
MEX,59,100,PART,52.76,53.69
MEX,60,100,CAND_0,10.66,11.46
MEX,60,100,CAND_1,33.53,34.86
MEX,60,100,CAND_2,17.53,18.49
MEX,60,100,CAND_3,1.01,1.27
MEX,60,100,CAND_4,30.09,31.22
MEX,60,100,CAND_5,1.97,2.12
MEX,60,100,OTROS,2.79,2.99
MEX,60,100,PART,52.9,53.88
MEX,61,100,CAND_0,11.29,12.17
MEX,61,100,CAND_1,32.7,33.92
MEX,61,100,CAND_2,17.49,18.43
MEX,61,100,CAND_3,1.02,1.14
MEX,61,100,CAND_4,30.26,31.35
MEX,61,100,CAND_5,2.08,2.24
MEX,61,100,OTROS,2.86,3.05
MEX,61,100,PART,52.91,53.91
MEX,62,100,CAND_0,10.98,11.76
MEX,62,100,CAND_1,32.95,34.2
MEX,62,100,CAND_2,17.4,18.28
MEX,62,100,CAND_3,1,1.14
MEX,62,100,CAND_4,30.53,31.61
MEX,62,100,CAND_5,2.06,2.22
MEX,62,100,OTROS,2.84,3.04
MEX,62,100,PART,52.76,53.73
MEX,63,100,CAND_0,10.72,11.52
MEX,63,100,CAND_1,32.96,34.3
MEX,63,100,CAND_2,17.75,18.78
MEX,63,100,CAND_3,1.08,1.33
MEX,63,100,CAND_4,30.11,31.2
MEX,63,100,CAND_5,2.05,2.2
MEX,63,100,OTROS,2.89,3.1
MEX,63,100,PART,52.92,53.93
MEX,64,100,CAND_0,10.61,11.37
MEX,64,100,CAND_1,33.48,34.8
MEX,64,100,CAND_2,17.47,18.41
MEX,64,100,CAND_3,1.04,1.19
MEX,64,100,CAND_4,30.11,31.3
MEX,64,100,CAND_5,2.04,2.2
MEX,64,100,OTROS,2.9,3.08
MEX,64,100,PART,52.81,53.8
MEX,65,100,CAND_0,11.27,12.16
MEX,65,100,CAND_1,32.59,33.86
MEX,65,100,CAND_2,17.61,18.53
MEX,65,100,CAND_3,1.02,1.25
MEX,65,100,CAND_4,30.13,31.21
MEX,65,100,CAND_5,2.13,2.28
MEX,65,100,OTROS,2.87,3.08
MEX,65,100,PART,52.81,53.81
MEX,66,100,CAND_0,11.29,12.22
MEX,66,100,CAND_1,32.61,33.77
MEX,66,100,CAND_2,17.41,18.29
MEX,66,100,CAND_3,0.97,1.11
MEX,66,100,CAND_4,30.5,31.61
MEX,66,100,CAND_5,2.13,2.35
MEX,66,100,OTROS,2.78,2.96
MEX,66,100,PART,52.74,53.73
MEX,67,100,CAND_0,10.76,11.54
MEX,67,100,CAND_1,33.51,34.81
MEX,67,100,CAND_2,17.65,18.57
MEX,67,100,CAND_3,1.01,1.12
MEX,67,100,CAND_4,29.82,30.96
MEX,67,100,CAND_5,2.04,2.19
MEX,67,100,OTROS,2.91,3.12
MEX,67,100,PART,53.14,54.09
MEX,68,100,CAND_0,10.87,11.65
MEX,68,100,CAND_1,32.87,34.06
MEX,68,100,CAND_2,17.77,18.69
MEX,68,100,CAND_3,1.02,1.21
MEX,68,100,CAND_4,30.25,31.31
MEX,68,100,CAND_5,2.04,2.21
MEX,68,100,OTROS,2.93,3.12
MEX,68,100,PART,52.66,53.71
MEX,69,100,CAND_0,10.98,11.82
MEX,69,100,CAND_1,32.97,34.19
MEX,69,100,CAND_2,17.81,18.78
MEX,69,100,CAND_3,1.04,1.21
MEX,69,100,CAND_4,29.89,31.02
MEX,69,100,CAND_5,2.07,2.21
MEX,69,100,OTROS,2.92,3.1
MEX,69,100,PART,53.39,54.34
MEX,70,100,CAND_0,10.8,11.59
MEX,70,100,CAND_1,33.08,34.25
MEX,70,100,CAND_2,17.43,18.41
MEX,70,100,CAND_3,1.04,1.2
MEX,70,100,CAND_4,30.5,31.53
MEX,70,100,CAND_5,2.03,2.18
MEX,70,100,OTROS,2.88,3.08
MEX,70,100,PART,52.79,53.73
MEX,71,100,CAND_0,10.75,11.52
MEX,71,100,CAND_1,33.33,34.58
MEX,71,100,CAND_2,17.37,18.27
MEX,71,100,CAND_3,1.01,1.2
MEX,71,100,CAND_4,30.26,31.32
MEX,71,100,CAND_5,2.08,2.24
MEX,71,100,OTROS,2.94,3.14
MEX,71,100,PART,52.76,53.63
MEX,72,100,CAND_0,11.19,12.05
MEX,72,100,CAND_1,32.94,34.11
MEX,72,100,CAND_2,17.3,18.23
MEX,72,100,CAND_3,0.99,1.11
MEX,72,100,CAND_4,30.44,31.51
MEX,72,100,CAND_5,2.07,2.23
MEX,72,100,OTROS,2.82,3.01
MEX,72,100,PART,53.22,54.24
MEX,73,100,CAND_0,10.4,11.11
MEX,73,100,CAND_1,33.19,34.44
MEX,73,100,CAND_2,17.74,18.78
MEX,73,100,CAND_3,0.99,1.17
MEX,73,100,CAND_4,30.41,31.48
MEX,73,100,CAND_5,2.05,2.21
MEX,73,100,OTROS,2.92,3.12
MEX,73,100,PART,53.27,54.24
MEX,74,100,CAND_0,10.67,11.41
MEX,74,100,CAND_1,32.79,33.93
MEX,74,100,CAND_2,17.71,18.65
MEX,74,100,CAND_3,1.01,1.14
MEX,74,100,CAND_4,30.82,31.83
MEX,74,100,CAND_5,2.03,2.18
MEX,74,100,OTROS,2.81,3.01
MEX,74,100,PART,52.64,53.58
MEX,75,100,CAND_0,10.96,11.73
MEX,75,100,CAND_1,32.97,34.28
MEX,75,100,CAND_2,17.28,18.17
MEX,75,100,CAND_3,1.04,1.17
MEX,75,100,CAND_4,30.46,31.57
MEX,75,100,CAND_5,2.07,2.23
MEX,75,100,OTROS,2.94,3.14
MEX,75,100,PART,52.66,53.67
MEX,76,100,CAND_0,10.74,11.52
MEX,76,100,CAND_1,32.76,34.04
MEX,76,100,CAND_2,17.72,18.68
MEX,76,100,CAND_3,0.93,1.05
MEX,76,100,CAND_4,30.47,31.59
MEX,76,100,CAND_5,2.13,2.35
MEX,76,100,OTROS,2.92,3.11
MEX,76,100,PART,53.4,54.37
MEX,77,100,CAND_0,11.18,12.08
MEX,77,100,CAND_1,32.3,33.48
MEX,77,100,CAND_2,17.73,18.6
MEX,77,100,CAND_3,0.99,1.12
MEX,77,100,CAND_4,30.64,31.69
MEX,77,100,CAND_5,2.03,2.18
MEX,77,100,OTROS,2.89,3.09
MEX,77,100,PART,52.98,53.96
MEX,78,100,CAND_0,11.04,11.89
MEX,78,100,CAND_1,32.27,33.47
MEX,78,100,CAND_2,17.73,18.7
MEX,78,100,CAND_3,1.04,1.25
MEX,78,100,CAND_4,30.67,31.7
MEX,78,100,CAND_5,2.11,2.27
MEX,78,100,OTROS,2.83,3.02
MEX,78,100,PART,53.64,54.55
MEX,79,100,CAND_0,11,11.83
MEX,79,100,CAND_1,33.02,34.23
MEX,79,100,CAND_2,17.41,18.3
MEX,79,100,CAND_3,1.06,1.19
MEX,79,100,CAND_4,30.21,31.3
MEX,79,100,CAND_5,2.11,2.27
MEX,79,100,OTROS,2.93,3.13
MEX,79,100,PART,52.42,53.37
MEX,80,100,CAND_0,10.73,11.46
MEX,80,100,CAND_1,33.53,34.77
MEX,80,100,CAND_2,17.33,18.27
MEX,80,100,CAND_3,0.99,1.1
MEX,80,100,CAND_4,30.3,31.44
MEX,80,100,CAND_5,2.02,2.17
MEX,80,100,OTROS,2.85,3.04
MEX,80,100,PART,52.85,53.8
MEX,81,100,CAND_0,10.72,11.51
MEX,81,100,CAND_1,32.92,34.17
MEX,81,100,CAND_2,17.84,18.71
MEX,81,100,CAND_3,1.05,1.18
MEX,81,100,CAND_4,30.15,31.25
MEX,81,100,CAND_5,2.14,2.36
MEX,81,100,OTROS,2.9,3.1
MEX,81,100,PART,53.15,54.06
MEX,82,100,CAND_0,11.22,12.01
MEX,82,100,CAND_1,32.67,33.83
MEX,82,100,CAND_2,17.7,18.57
MEX,82,100,CAND_3,1.03,1.23
MEX,82,100,CAND_4,30.26,31.3
MEX,82,100,CAND_5,2.05,2.21
MEX,82,100,OTROS,2.86,3.05
MEX,82,100,PART,53.39,54.34
MEX,83,100,CAND_0,10.86,11.69
MEX,83,100,CAND_1,32.74,33.91
MEX,83,100,CAND_2,17.4,18.3
MEX,83,100,CAND_3,1.03,1.17
MEX,83,100,CAND_4,30.81,31.91
MEX,83,100,CAND_5,2.08,2.24
MEX,83,100,OTROS,2.83,3.02
MEX,83,100,PART,52.54,53.51
MEX,84,100,CAND_0,11.33,12.22
MEX,84,100,CAND_1,32.52,33.76
MEX,84,100,CAND_2,17.89,18.8
MEX,84,100,CAND_3,1.01,1.13
MEX,84,100,CAND_4,30.01,31.11
MEX,84,100,CAND_5,2.06,2.2
MEX,84,100,OTROS,2.88,3.07
MEX,84,100,PART,52.87,53.83
MEX,85,100,CAND_0,10.74,11.54
MEX,85,100,CAND_1,33.01,34.35
MEX,85,100,CAND_2,17.43,18.35
MEX,85,100,CAND_3,1.07,1.22
MEX,85,100,CAND_4,30.39,31.48
MEX,85,100,CAND_5,2.11,2.32
MEX,85,100,OTROS,2.89,3.09
MEX,85,100,PART,52.81,53.78
MEX,86,100,CAND_0,10.88,11.7
MEX,86,100,CAND_1,33.13,34.33
MEX,86,100,CAND_2,17.48,18.36
MEX,86,100,CAND_3,0.99,1.1
MEX,86,100,CAND_4,30.37,31.48
MEX,86,100,CAND_5,2.07,2.23
MEX,86,100,OTROS,2.84,3.04
MEX,86,100,PART,52.74,53.71
MEX,87,100,CAND_0,10.68,11.44
MEX,87,100,CAND_1,32.88,34.18
MEX,87,100,CAND_2,17.57,18.54
MEX,87,100,CAND_3,1.02,1.14
MEX,87,100,CAND_4,30.62,31.69
MEX,87,100,CAND_5,2.02,2.18
MEX,87,100,OTROS,2.92,3.11
MEX,87,100,PART,52.81,53.77
MEX,88,100,CAND_0,10.91,11.72
MEX,88,100,CAND_1,32.92,34.18
MEX,88,100,CAND_2,17.31,18.22
MEX,88,100,CAND_3,0.98,1.1
MEX,88,100,CAND_4,30.61,31.72
MEX,88,100,CAND_5,2.15,2.3
MEX,88,100,OTROS,2.85,3.05
MEX,88,100,PART,52.88,53.81
MEX,89,100,CAND_0,10.81,11.64
MEX,89,100,CAND_1,33.2,34.42
MEX,89,100,CAND_2,17.24,18.16
MEX,89,100,CAND_3,1.05,1.2
MEX,89,100,CAND_4,30.51,31.62
MEX,89,100,CAND_5,2.06,2.21
MEX,89,100,OTROS,2.84,3.05
MEX,89,100,PART,52.84,53.8
MEX,90,100,CAND_0,10.63,11.38
MEX,90,100,CAND_1,33.13,34.37
MEX,90,100,CAND_2,17.89,18.83
MEX,90,100,CAND_3,1.02,1.13
MEX,90,100,CAND_4,30.22,31.33
MEX,90,100,CAND_5,2.06,2.21
MEX,90,100,OTROS,2.8,3
MEX,90,100,PART,52.91,53.86
MEX,91,100,CAND_0,11.21,12.11
MEX,91,100,CAND_1,32.65,33.83
MEX,91,100,CAND_2,17.44,18.27
MEX,91,100,CAND_3,0.98,1.11
MEX,91,100,CAND_4,30.7,31.75
MEX,91,100,CAND_5,2.04,2.19
MEX,91,100,OTROS,2.77,2.96
MEX,91,100,PART,52.73,53.78
MEX,92,100,CAND_0,10.77,11.49
MEX,92,100,CAND_1,32.91,34.05
MEX,92,100,CAND_2,17.18,18.05
MEX,92,100,CAND_3,1.04,1.18
MEX,92,100,CAND_4,31.03,32.08
MEX,92,100,CAND_5,2.07,2.22
MEX,92,100,OTROS,2.86,3.06
MEX,92,100,PART,53.47,54.37
MEX,93,100,CAND_0,10.9,11.57
MEX,93,100,CAND_1,32.69,33.98
MEX,93,100,CAND_2,17.33,18.23
MEX,93,100,CAND_3,1.04,1.16
MEX,93,100,CAND_4,30.83,31.96
MEX,93,100,CAND_5,2.18,2.34
MEX,93,100,OTROS,2.79,3
MEX,93,100,PART,53.07,53.96
MEX,94,100,CAND_0,10.9,11.75
MEX,94,100,CAND_1,33.14,34.41
MEX,94,100,CAND_2,17.37,18.32
MEX,94,100,CAND_3,1.05,1.18
MEX,94,100,CAND_4,30.15,31.25
MEX,94,100,CAND_5,2.08,2.23
MEX,94,100,OTROS,2.98,3.18
MEX,94,100,PART,52.91,53.88
MEX,95,100,CAND_0,11.14,11.98
MEX,95,100,CAND_1,33.06,34.34
MEX,95,100,CAND_2,17.21,18.14
MEX,95,100,CAND_3,1.02,1.16
MEX,95,100,CAND_4,30.21,31.35
MEX,95,100,CAND_5,2.04,2.19
MEX,95,100,OTROS,2.97,3.18
MEX,95,100,PART,52.87,53.91
MEX,96,100,CAND_0,10.64,11.5
MEX,96,100,CAND_1,33.36,34.6
MEX,96,100,CAND_2,17.38,18.34
MEX,96,100,CAND_3,1.01,1.12
MEX,96,100,CAND_4,30.2,31.25
MEX,96,100,CAND_5,2.11,2.27
MEX,96,100,OTROS,3.01,3.21
MEX,96,100,PART,52.84,53.79
MEX,97,100,CAND_0,10.96,11.89
MEX,97,100,CAND_1,32.73,33.88
MEX,97,100,CAND_2,17.34,18.21
MEX,97,100,CAND_3,1.06,1.18
MEX,97,100,CAND_4,30.68,31.78
MEX,97,100,CAND_5,2.07,2.22
MEX,97,100,OTROS,2.91,3.09
MEX,97,100,PART,52.97,53.93
MEX,98,100,CAND_0,11.06,11.85
MEX,98,100,CAND_1,32.9,34.09
MEX,98,100,CAND_2,17.28,18.19
MEX,98,100,CAND_3,1.01,1.14
MEX,98,100,CAND_4,30.53,31.59
MEX,98,100,CAND_5,2.11,2.27
MEX,98,100,OTROS,2.88,3.08
MEX,98,100,PART,52.71,53.64
MEX,99,100,CAND_0,10.83,11.6
MEX,99,100,CAND_1,33.04,34.35
MEX,99,100,CAND_2,17.63,18.55
MEX,99,100,CAND_3,1.01,1.12
MEX,99,100,CAND_4,30.22,31.33
MEX,99,100,CAND_5,2.09,2.26
MEX,99,100,OTROS,2.89,3.09
MEX,99,100,PART,52.78,53.81
MEX,100,100,CAND_0,10.93,11.72
MEX,100,100,CAND_1,32.25,33.36
MEX,100,100,CAND_2,17.57,18.47
MEX,100,100,CAND_3,1.04,1.17
MEX,100,100,CAND_4,31.07,32.14
MEX,100,100,CAND_5,2.1,2.26
MEX,100,100,OTROS,2.86,3.05
MEX,100,100,PART,52.88,53.81
